Aayush Bansal,1
Abhinav Gupta,5
Ajad Chhatkuli,1
Ajmal Mian,1
Alexander Gatto,1
Alexander Hauptmann,1
Alexandre Alahi,2
Alexandre Robicquet,1
Ali Diba,1
Andreas Weber,1
Andy Horowitz,1
Ankur Handa,1
Anoop M. Namboodiri,1
Anton van den Hengel,8
Antonio Torralba,7
Anurag Mittal,1
Aroma Mahendru,1
Aurelie C. Lozano,1
Baohua Li,1
Barbara B. Bendlin,1
Bohyung Han,4
Bongjin Jun,1
Boxin Shi,1
C. Fabian Benitez-Quiroz,1
Calvin Murdock,1
Chang-Ryeol Lee,1
Chen Sun,1
Cheng Deng,1
Chris Funk,1
Chris McCarthy,1
Christoph Vogel,1
Christopher Thomas,1
Chun-Guang Li,1
Da Chen,1
Dagmar Kainmueller,1
Dan Klein,1
Dana Berman,1
Daniel Cremers,3
David Suter,1
David W. Jacobs,1
David Zhang,1
Didier Stricker,1
Dimitris Metaxas,1
Dimitris Samaras,2
Ding Liu,2
Dingwen Zhang,1
Dirk Schnieders,1
Dongang Wang,1
Dongliang Cheng,1
Douglas Summers-Stay,1
Dun Liang,1
Eleonora Vig,2
Erik Bylow,1
Ertunc Erdil,1
Faqiang Wang,1
Fei-Peng Tian,1
Felix Heide,1
Frank Neumann,1
Frida Fejne,1
Gayoung Lee,1
Gedas Bertasius,1
George Papandreou,1
Gustav Hager,1
Hang Dai,1
Haoqi Fan,1
Haoxiang Li,1
Harini Kannan,1
Hayley Hung,1
Hendrik P. A. Lensch,1
Hoang M. Le,1
Hongbin Zha,1
Hongkai Yu,1
Honglak Lee,3
Hugo Guterman,1
Hui Liang,1
Ian Reid,5
In So Kweon,7
Jacob Andreas,1
Jacob Chan,1
Jan Heller,1
Jason Kuen,1
Jen-Hao Rick Chang,1
Jianfei Cai,2
Jianming Zhang,1
Jianxiong Xiao,1
Jiaolong Yang,1
Jie Zhang,1
Jingjing Meng,1
Jingyi Yu,1
Jinhui Tang,1
Jiri Havel,1
Jizhou Sun,1
John W. Fisher III,1
Joon-Young Lee,2
Jose Miguel Hernandez-Lobato,1
Joseph Redmon,1
Julian McAuley,1
Kaiming He,3
Kaiqi Huang,1
Kalyan Sunkavalli,1
Kevin McGuinness,1
Keze Wang,1
Krishna Kumar Singh,1
Kristen Grauman,4
Kwang Moo Yi,1
Kyungdon Joo,1
Larry Goldberg,1
Lele Cao,1
Leon A. Gatys,1
Liangliang Cao,2
Lilian Calvet,1
Lior Talker,1
Luc Van Gool,8
Marc Stamminger,1
Marc T. Law,1
Marcel Piotraschke,1
Marco San Biagio,1
Markus Gross,1
Masayuki Tanaka,1
Massimiliano Pontil,1
Meirav Galun,1
Miaomiao Liu,1
Michael D. Johnson,1
Michal Irani,1
Michel Crucianu,1
Ming-Hsuan Yang,11
Minsu Cho,2
Miroslaw Bober,1
Mohamed Omran,3
Monami Banerjee,1
Nikos Komodakis,1
Noah Snavely,1
Novi Quadrianto,2
Ondrej Miksik,1
Or Lotan,1
Patrick Snape,1
Peiyun Hu,1
Peter Kontschieder,1
Petr Kellnhofer,1
Philip H. S. Torr,1
Philipp Fischer,1
Piotr Bojanowski,2
Przemyslaw Glowacki,1
Qiang Li,1
Qing Ling,1
Radomir Mech,2
Ram Nevatia,1
Rang M. H. Nguyen,1
Raquel Urtasun,5
Rich Caruana,1
Robby T. Tan,2
Rom Hershkovitz,1
Sai-Kit Yeung,2
Saumitro Dasgupta,1
Serena Yeung,1
Sergey Ioffe,1
Shaifali Parashar,1
Shengtao Xiao,1
Shimin Hu,1
Shmuel Peleg,2
Shuai Huang,1
Shuicheng Yan,5
Shuochen Su,1
Simon Lucey,1
Simon Stent,1
Song Wang,1
Soravit Changpinyo,1
Stefan Roth,2
Stefanie Wuhrer,1
Sudipta N. Sinha,2
Suhang Wang,1
Svetlana Lazebnik,2
Swarna K. Ravindran,1
Takumi Kobayashi,1
Theodora Kontogianni,1
Ting-Chun Wang,2
Tinghui Zhou,1
Tolga Tasdizen,1
Tom Drummond,1
Tom Goldstein,1
Tomas Crivelli,1
Toshihiko Yamasaki,1
Umar Iqbal,1
Vadim Lebedev,1
Venkatesh Saligrama,2
Victor Lempitsky,2
Vikas Singh,2
Vincent Lepetit,3
Vittorio Murino,1
Volker Blanz,1
Wangjiang Zhu,1
Wangmeng Zuo,7
Wei Yang,1
Wongun Choi,1
Xianglong Liu,1
Xiao Chu,1
Xiaoqiang lu,1
Xindi Shang,1
Xinghao Ding,1
Xinjie Fan,1
Xueming Li,1
Yael Moses,2
Yali Li,1
Yalin Wang,1
Yaming Wang,1
Yannick Verdie,1
Yiannis Demiris,2
Yin Cui,1
Ying Fu,1
Yingying Zhang,1
Yong Rui,4
Yu Liu,1
Yuchao Dai,2
Yueting Zhuang,1
Yukun Zhu,1
Yunhui Shi,1
Yusuke Mukuta,1
Yuxing Tang,1
Zeynep Akata,3
Zhaoshui He,1
Zhaoxiang Zhang,1
Zhe Wu,1
Zheng Zhang,2
Zhengfang Duanmu,1
Zhi Han,1
Zhongyu Lou,1
Zhouchen Lin,2
Zicheng Liao,1
Ziyu Zhang,2
Abhijit Kundu,1
Adel Bibi,2
Aleix M. Martinez,1
Alejandro Troccoli,1
Alessio Del Bue,1
Alex Locher,1
Alexander S. Ecker,1
Alexander Sorkine-Hornung,3
Alexey Dosovitskiy,2
Ali Osman Ulusoy,1
Allan Ponniah,1
Amir Shahroudy,1
Amnon Shashua,1
Ancong Wu,1
Andrea Fusiello,1
Andreas Geiger,2
Andrew P. Aitken,1
Andrew Zisserman,4
Ang Li,1
Anirban Roy,1
Anthony Dick,3
Arjun Chandrasekaran,1
Ashesh Jain,1
Ashok Veeraraghavan,1
Ashutosh Saxena,1
Ashwin K. Vijayakumar,1
Baisheng Lai,1
Baocai Yin,2
Bharat Singh,1
Bin Yang,1
Bugra Tekin,1
Bumsub Ham,1
Canyi Lu,1
Chang Huang,1
Chao Xing,1
Chen Fang,1
Chen Liu,1
Chenyi Lei,1
Chunyuan Li,1
Cong Leng,1
Dacheng Tao,4
Daniel Thalmann,1
David Hall,1
David Hogg,1
Dengxin Dai,2
Dhruv Batra,4
Dina Demner-Fushman,1
Eldar Insafutdinov,1
Emmanuel Dellandrea,1
Epameinondas Antonakos,3
Fabio Maria Carlucci,1
Fahad Shahbaz Khan,2
Federico Perazzi,2
Felix Juefei-Xu,1
Filip Radenovic,1
Gabriel J. Brostow,1
Gang Wang,4
German Ros,1
Gernot Riegler,1
Girum G. Demisse,1
Greg Mori,4
Guosheng Lin,2
Haibin Ling,1
Hanli Wang,1
Hao Chen,1
Hao Li,1
Harsh Agrawal,1
Hashim Yasin,1
Hongkai Xiong,1
Hongwei Yong,1
Huan Xu,1
Hyunwoo J. Kim,1
Iacopo Masi,1
Ivan Laptev,3
Jae Shin,1
James M. Rehg,1
Jason J. Corso,2
Jeff Donahue,1
Jia-Bin Huang,3
Jiaxiang Wu,1
Jinshan Pan,3
Jiri Matas,1
Jiyue Yang,1
Johan Thunberg,1
Johannes Totz,1
Jonathan Brandt,2
Jonathan T. Barron,1
Jose M. F. Moura,1
Joseph DeGol,1
Juan Nieto,1
Julie Delon,1
Justus Thies,1
Jyh-Jing Hwang,1
Kai Zhao,1
Kede Ma,1
Kris M. Kitani,3
Kuk-Jin Yoon,2
Lazaros Zafeiriou,1
Le Hou,1
Le Wang,1
Leonidas J. Guibas,1
Lequan Yu,1
Li Fei-Fei,6
Liang Zheng,1
Lingxi Xie,2
Lu Zhang,1
Luca Del Pero,1
Luca Magri,1
Luis Herranz,1
Marc Niethammer,1
Marc Pollefeys,5
Martin Fischer,1
Martina Zambelli,1
Mateusz Malinowski,1
Mathieu Salzmann,5
Matthew Trager,1
Matthias Niessner,2
Michael S. Brown,4
Ming Jiang,1
Minglun Gong,1
Mujdat Cetin,1
Nassir Navab,1
Nick Pears,1
Nicolas Thome,1
Oana Camburu,1
Olivier Canevet,1
Oscar Beijbom,1
Ozan Sener,1
Patrick Bouthemy,1
Peder A. Olsen,1
Peipei Yang,1
Pengyuan Lyu,1
Peter V. Gehler,2
Petr Gronat,1
Pheng-Ann Heng,2
Qingming Huang,1
Quang-Hieu Pham,1
Quanzeng You,1
R. T. Pramod,1
Raanan Fattal,1
Radu Tudor Ionescu,1
Rami Hagege,1
Ramprakash Srinivasan,1
Raphael Sznitman,1
Ravi Ramamoorthi,2
Rene Ranftl,1
Rob Bishop,1
Rui Zhao,1
Ruiping Wang,1
Russell Stewart,1
S. P. Arun,1
Sami Abu-El-Haija,1
Sanja Fidler,4
Scott Cohen,4
Sebastian Ramos,1
Sergiu Nedevschi,1
Seyed Hamid Rezatofighi,2
Shaoli Huang,1
Shenghua Gao,2
Shengli Xie,1
Sheperd S. Doeleman,1
Shijian Lu,1
Shoou-I Yu,1
Shuo Yang,1
Sina Honari,1
Stefanie Jegelka,1
Stella X. Yu,1
Sterling C. Johnson,1
Steven M. Seitz,1
Suren Jayasuriya,1
Taewoong Jang,1
Tetsuro Morimoto,1
Thibaut Durand,1
Thomas Pock,2
Thomas S. Huang,3
Tianhao Gao,1
Tim K. Marks,1
Tinne Tuytelaars,1
Tobias Fischer,1
Torsten Sattler,1
Trung T. Pham,1
Tsuhan Chen,1
Vincent Vanhoucke,1
Vittorio Ferrari,3
W. Williem,1
Wang Liang,1
Wanli Ouyang,6
Wei-Sheng Lai,1
Weidong Zhao,1
Weiming Hu,1
Weiping Li,1
Wen-Sheng Chu,1
Wenbing Huang,1
Wenqi Ren,1
Wojciech Matusik,1
Xavier Alameda-Pineda,2
Xiangyang Li,1
Xiao-Ping Zhang,1
Xiaolei Huang,2
Xiaowei Zhou,1
Xilin Chen,3
Xinbo Gao,1
Xinchao Wang,1
Xing Zhang,1
Xinggang Wang,1
Yandong Wen,1
Yang Heng Kee,1
Yang Liu,1
Yani Ioannou,1
Yasutaka Furukawa,1
Yihong Gong,1
Ying Zhang,1
Yingwei Pan,1
Yingzhen Yang,2
Yong Xu,1
Yongli Hu,1
Youngbae Hwang,1
Yuesheng Zhu,1
Yuhui Quan,2
Yuping Sun,1
Yuting Chen,1
Zequn Jie,1
Zhengqin Li,1
Zhixun Su,2
Ziming Zhang,2
Abdelrahman Abdelhamed,1
Adam Herout,1
Agata Lapedriza,1
Ali Harakeh,1
Amrisha Vohra,1
Andrew Owens,1
Andrii Maksai,1
Antonio Criminisi,1
Antonio M. Lopez,1
Arnold W. M. Smeulders,1
Artem Rozantsev,1
Badong Chen,1
Bjorn W. Schuller,1
Bo Li,1
Bolei Zhou,1
Bryan C. Russell,1
Carl Olsson,2
Carsten Griwodz,1
Carsten Rother,1
Changqing Zhang,1
Chengquan Zhang,1
Chetan Arora,2
Chong You,2
Christian Hane,1
Christoph Rhemann,2
Christoph Studer,1
Christopher Catton,1
Christopher Pal,1
Chu-Song Chen,1
Daniel Asmar,1
Daniela Rus,1
David Dunaway,1
David Feng,1
Demetri Terzopoulos,1
Deva Ramanan,1
Di Lin,1
Dinghuang Ji,1
Dipan K. Pal,1
Dong Li,1
Dorin Comaniciu,1
Duc Thanh Nguyen,1
Eddy Ilg,1
Emily M. Hand,1
Eric Brachmann,1
Evan Brossard,1
Fabian Caba Heilbron,1
Feng Zhou,3
Fengyuan Zhu,1
Francois Fleuret,2
Fuyong Xing,1
Gustavo Carneiro,1
Guy Rosman,2
Hailin Jin,2
Hao Wang,1
Haroon Idrees,1
Hongdong Li,4
Hongliang Li,1
Hongsheng Li,4
Hossein Rahmani,1
Huan Fu,1
Huanbo Luan,1
Huchuan Lu,2
Hyeonseob Nam,1
Hyun Soo Park,2
Iro Armeni,1
Ivan Lillo,1
James Philbin,1
Javier Ruiz-Hidalgo,1
Jean Ponce,2
Jianwei Yang,1
Jiaya Jia,2
Jing Shao,1
Jingming Dong,1
Jinsoo Choi,1
Jiwon Kim,2
Joao P. Barreto,1
Josef Sivic,2
Ju Hong Yoon,1
Jue Wang,2
Jung Kwon Lee,2
Junting Pan,1
Junwei Han,4
Kai Han,1
Kai Kang,2
Katherine L. Bouman,1
Kavita Bala,1
Kenneth Batstone,1
Kevin Lin,1
Kha Gia Quach,1
Khurram Soomro,1
Klaus-Robert Muller,1
Konstantinos Rematas,1
Kostas Daniilidis,1
Kushal Kafle,1
Lei Qin,1
Leonid Sigal,3
Liang-Chieh Chen,2
Lior Wolf,3
Longin Jan Latecki,1
Lorenzo Torresani,1
Loris Bazzani,1
Lu Pang,1
Magnus Oskarsson,1
Marco Piccirilli,1
Mark Sheinin,1
Maximilian Diebold,1
Meng Wang,2
Menghua Zhai,1
Michael Gygli,2
Michael S. Okun,1
Michael Wand,1
Milan Sonka,1
Min-Jing Yu,1
Ming-Ting Sun,1
Mohamed Elhoseiny,1
Mohammad Najafi,1
Na Qi,1
Nagesh Adluru,2
Nanning Zheng,2
Nianyi Li,1
Nuno Vasconcelos,1
Octavia Camps,3
Ole Johannsen,1
Oliver Groth,1
Oriel Frigo,1
Patrick Bardow,1
Peter Carr,1
Pierre Gurdjos,1
Ping Luo,2
Piotr Dollar,1
Qi Xie,1
Qifeng Chen,2
Qingbo Wu,1
Quoc-Huy Tran,1
Rainer Stiefelhagen,2
Ramakrishna Vedantam,1
Ran Tao,1
Raymond Mooney,1
Rene Vidal,2
Richang Hong,1
Richard Zanibbi,1
Robert Gaizauskas,1
Roberto Mecca,1
Robinson Piramuthu,1
Rodrigo Benenson,3
Rogerio Schmidt Feris,1
Rong Quan,1
Roozbeh Mottaghi,2
Ryo Yonetani,1
Saeed Izadi,1
Saeid Motiian,1
Sarah Rastegar,1
Saumya Jetley,1
Saurabh Gupta,2
Sean Bell,1
Shangfei Wang,1
Shao-Yi Chien,1
Shaodi You,1
Shaojie Jiang,1
Shengping Zhang,1
Shiguang Shan,3
Simeng Liu,1
Simone Gasparini,1
Slobodan Ilic,1
Songhai Zhang,1
Srikanth Muralidharan,1
Stanislaw Antol,1
Stefan Leutenegger,2
Stefan Mathe,1
Steven Branson,1
Suriya Singh,1
Taiki Sekii,1
Takahiro Okabe,1
Tao Kong,1
Tat-Seng Chua,1
Thi Quynh Nhi Tran,1
Thomas Brox,2
Tianbao Yang,1
Tianzhu Zhang,3
Tiejun Huang,2
Tieniu Tan,1
Timo Bolkart,1
Timothy Doster,1
Ting Yao,4
Ting Zhang,2
Vennela Gudisa,1
Vijay Mahadevan,1
Vladimir Tankovich,1
Vladislav Golyanik,1
Wei-Shi Zheng,1
Xiangbo Shu,1
Xiaobai Liu,1
Xiaodong Yang,1
Xiaojin Gong,1
Xiaoming Liu,3
Xiaoshuang Shi,1
Ya Zhang,1
Yan Yan,2
Yang Wang,1
Yao Lu,1
Ying Wu,1
Yining Li,1
Yixin Zhu,1
Yizhou Wang,1
Yong Jae Lee,2
Yongfang Cheng,1
Yonghong Tian,2
Yoshie Kobayashi,1
Yu Xiang,1
Yudong Chen,1
Yuka Kihara,1
Yuncheng Li,1
Yvain Queau,1
Zeyu Shang,1
Zhaotian Li,1
Zhe Xu,1
Zhe Zhu,1
Zhen Cui,2
Zhen Li,1
Zhen Zuo,1
Zhiwei Deng,3
Zhuwen Li,1
Zichao Yang,1
Zilei Wang,1
Ziwei Liu,1
Zizhao Zhang,1
Aditya Khosla,2
Adrian Hilton,1
Ahmed Elgammal,1
Alexander Binder,1
Alexander Richard,1
Ali Mohammad Pazandeh,1
Amir R. Zamir,2
Anali Alfaro,1
Anastasios Roussos,2
Anbang Yao,1
Anders Eriksson,2
Andrew J. Davison,2
Angela Dai,1
Antonin Sulc,1
Armin Mustafa,1
Axel Pinz,1
B.S. Manjunath,1
Behrooz Nasihatkon,1
Benjamin Eckart,1
Bernard Ghanem,3
Bing Wang,1
Bjorn Kruger,1
Bryan L. Koenig,1
Calden Wloka,1
Carl Vondrick,3
Chang-Su Kim,2
Chen Kong,1
Chen-Change Loy,4
Chenfanfu Jiang,1
Cheng Li,1
Cheng-Chi Yu,1
Chi Zhang,1
Christian Mostegel,1
Cong Zhang,1
Cosimo Rubino,1
Daniel Hernandez-Lobato,1
Daniel Pizarro,2
Daniel Robinson,1
Daniel Tarlow,1
David B. Cooper,1
David E. Viallancourt,1
David Forsyth,1
David Kim,1
Deepak Pathak,1
Deyu Meng,3
Dohyung Seo,1
Duygu Ceylan,1
Edgar Simo-Serra,1
Eduardo Perez-Pellitero,1
Edward Johns,1
Edward Ofori,1
Efstratios Gavves,3
Elisa Sayrol,1
Emanuele Rodola,1
Feiping Nie,2
Fiora Pirri,1
Florian Bernard,1
Frank Hertel,1
Frederic Jurie,1
Friedrich Fraundorfer,1
Gang Hua,2
Garrison W. Cottrell,1
Guang-Tong Zhou,1
Haichuan Yang,1
Hailin Shi,1
Hakan Bilen,2
Hannaneh Hajishirzi,1
Hao Yang,2
Hessam Bagherinezhad,1
Honggang Zhang,1
Hossam Isack,1
Houqiang Li,2
Hua Zhang,1
Hui Zhang,2
Hyung Jin Chang,2
Ian Goodfellow,1
Inchang Choi,2
Ira Kemelmacher-Shlizerman,1
Ishan Misra,2
James J. Little,1
Jean-Baptiste Alayrac,1
Jean-Denis Durou,1
Jian Sun,3
Jianming Liang,1
Jie Shi,1
Jiliang Tang,1
Jimei Yang,3
Jinjun Wang,1
Joao Carreira,1
Jochen Gast,1
Joel Tetreault,1
Johannes L. Schonberger,2
John Bastian,1
Jongwoo Lim,1
Jordi Salvador,1
Jorge Goncalves,1
Josh McDermott,1
Judy Stephen,1
Jun Liu,1
Jun Xie,1
Junbin Gao,3
Junhua Mao,2
Junhyuk Oh,1
Junjie Yan,2
Junliang Xing,1
Junmo Kim,1
Justin Johnson,1
Katsunori Ohnishi,1
Kihwan Kim,2
Kirk Roberts,1
Laurent D. Cohen,1
Laurent Itti,1
Laurent Kneip,2
Le Lu,1
Linda Shapiro,1
Lingqiao Liu,3
Lisa Anne Hendricks,1
Loic A. Royer,1
Long Mai,1
Lu Yuan,1
Mahmudul Hasan,1
Maoying Qiao,1
Marcus Rohrbach,3
Marius Leordeanu,1
Markus Enzweiler,1
Markus Mathias,1
Markus Rumpler,1
Martial Hebert,2
Masatoshi Okutomi,1
Matthias Bethge,1
Menglong Zhu,1
Mengran Gou,1
Michael Bernstein,1
Michael S. Lew,1
Ming Shao,1
Minghuang Ma,1
Minsik Lee,1
Mor Dar,1
Niall McLaughlin,1
Nian Liu,1
Olga Veksler,1
Olivier Saurer,1
Pan Ji,1
Paul Hongsuck Seo,1
Pei Yu,1
Peng Wang,2
Philip Hausser,1
Pietro Perona,1
Ping Tan,2
Pingbo Pan,1
Piotr Koniusz,1
Qiaosong Wang,1
Qinfeng Shi,4
Rama Chellapa,2
Rangarajan Aravind,1
Raphael Ruschel,1
Rasmus Rothe,2
Robert T. Collins,1
Ronghang Hu,1
Rui Song,1
Santosh Divvala,1
Sasa Janjic,1
Scott Workman,1
Sebastian Hegenbart,1
Serge Belongie,2
Shaojing Fan,1
Shaoqing Ren,1
Shi Qiu,1
Shih-En Wei,1
Shiyao Huang,1
Shiyu Chang,2
Shu Liu,1
Shugao Ma,1
Shuqiang Jiang,1
Shuxin Ouyang,1
Silvio Savarese,5
Sinan Yildirim,1
Siqin Chen,1
Siyu Tang,1
Sohil Shah,1
Srinivas S. S. Kruthiventi,1
Stan Sclaroff,2
Stefan Gumhold,1
Stefan Heber,1
Stefanos Zafeiriou,5
Suyog Jain,1
Takuya Narihira,1
Tali treibitz,1
Thomas Cashman,1
Thomas Leung,1
Tien D. Bui,1
Toby Collins,1
Tomas F. Yago Vicente,1
Tsung-Yu Lin,1
Valentina Zantedeschi,1
Vijay Badrinarayanan,1
Viktoriia Sharmanska,2
Viorica Patraucean,1
Wei Bian,1
Wei Feng,1
Wei Shen,2
Wei-Lun Chao,2
Weiyao Lin,1
Wen Zhang,1
Wenjie Luo,1
Xiaochun Cao,2
Xiaolong Wang,1
Xiaoyan Sun,1
Xiaozhi Chen,1
Xinchu Shi,1
Yang Zhou,1
Yaowei Yang,1
Yasuhiro Mukaigawa,2
Yicong Zhou,1
Yin Wang,2
Yingwei Li,1
Yinlin Hu,1
Yiying Tong,1
Yoichi Sato,4
Yongqin Xian,1
Yu Li,1
Yu-Wing Tai,2
Yuan-Ting Hu,1
Yuankai Qi,1
Yung-Yu Chuang,1
Yurong Chen,1
Zeeshan Hayder,1
Zhenxing Niu,1
Zhile Ren,1
Zhipeng Mo,1
Zhongwen Xu,1
Ziad Al-Halah,1
Zuxuan Wu,1
jyh-Jing Hwang,1
Aaron Wetzler,1
Alan L. Yuille,5
Alejandro Jaimes,1
Alexander Gorban,1
Alexander Toshev,1
Alexei A. Efros,3
Alfred M. Bruckstein,1
Alyosha Molnar,1
Ambasamudram N. Rajagopalan,1
Amir Kolaman,1
Amit K. Roy-Chowdhury,1
Andrew Fitzgibbon,2
Andrew R. Conn,1
Anita Sellent,1
Ankush Gupta,1
Anoop Cherian,1
Asako Kanezaki,1
Baoguang Shi,1
Baoli Li,1
Barbara Caputo,1
Bastian Leibe,1
Ben Harwood,1
Benjamin Allain,1
Bernd Jahne,1
Bin-Bin Gao,1
Bryan Russell,1
Changsheng Xu,1
Changyou Chen,1
Chao Zhang,1
Chen-Yu Lee,1
Christopher B. Kendall,1
Chuang Gan,2
Chulwoo Lee,1
Clara Callenberg,1
Cordelia Schmid,1
Daniel Miller,1
Daniel Rueckert,1
Danna Gurari,1
Deli Zhao,1
Derek Hoiem,3
Devis Tuia,1
Diego Marcos,1
Diego Thomas,1
Djamila Aouada,1
Dmitry Laptev,1
Donglai Xiang,1
Eduard Trulls,1
Edward H. Adelson,1
Einoshin Suzuki,1
Elena Stumm,1
Elisa Ricci,2
Evgeny Levinkov,1
Fabrizio Natola,1
Fanyi Xiao,2
Ferenc Huszar,1
Ferran Diego,1
Fujiao Ju,1
Gao Zhu,1
Gaocheng Bai,1
Gellert Mattyus,1
Ha Quang Minh,1
Haiting Lin,1
Hani Altwaijry,1
Hao Shen,1
Hao Su,2
Haonan Yu,1
Hermann Ney,1
Hiroshi Ishikawa,1
Hiroyuki Kubo,1
Hisham Cholakkal,1
Hongxing Wang,1
Hongyuan Zhu,1
Huaijin G. Chen,1
Hui Ji,2
Huu Le,1
Hyun Oh Song,1
Ilan Shimshoni,1
Ilja Kuzborskij,1
In Kyu Park,1
Ivan Neulander,1
Jack Valmadre,1
Jae-Pil Heo,1
Jakub Sochor,1
James Booth,1
James Charles,1
James Hays,2
Jamie Schiel,1
Jamie Shotton,1
Jan Kautz,2
Jayakorn Vongkulbhisal,1
Jean-Yves Guillemaut,1
Jeff Simmons,1
Ji Liu,1
Jiale Cao,1
Jian Cheng,1
Jianfeng Gao,1
Jiangbo Lu,1
Jianhua Yao,1
Jianhui Chen,1
Jie Feng,1
Jie Zhou,1
Jimmy Addison Lee,1
Jing Wang,1
Jinjie You,1
Jiwen Lu,2
Jiyeoup Jeong,1
Joan Alabort-i-Medina,1
Joel H. Saltz,1
Joey Tianyi Zhou,1
Jonathan Klein,1
Jonathan Taylor,1
JongHee Hong,1
Jonghyun Choi,2
Jongwon Choi,1
Jorn-Henrik Jacobsen,1
Jubin Johnson,1
Judy Hoffman,2
Juergen Gall,2
Katsushi Ikeuchi,1
Kevin Chen,1
Khalid Ashraf,1
Kilho Son,1
Kimin Yun,1
Kuan Fang,1
Kwan-Yee K. Wong,1
Lars Petersson,2
Laura Sellart,1
Li Zhang,1
Liang Lin,5
Limin Wang,2
Liming Zhang,1
Lin Yang,1
Lingyu Wei,1
Lluis Castrejon,1
Mahyar Najibi,1
Maksim Lapin,1
Mani Golparvar-Fard,1
Manmohan Chandraker,3
Marc Sebban,1
Margaret Mitchell,1
Marios Savvides,1
Markus Oberweger,1
Matthias Hein,3
Maxime Petit,1
Maxwell D. Collins,1
Mehrtash Harandi,2
Michael Felsberg,2
Michael Moeller,1
Michael Reale,1
Michael Werman,1
Michal Perdoch,1
Mingkui Tan,3
Minh Hoai,3
Mohammad Rastegari,2
Mohit Bansal,1
Mubarak Shah,4
Nasim Souly,1
Nick Barnes,1
Nikolay Savinov,2
Ognjen Arandjelovic,1
Olga Russakovsky,1
Oliver Wang,2
Ondrej Chum,1
Patrick Perez,1
Paul Miller,1
Peicheng Zhou,1
Peter Anderson,1
Peter Gemmar,1
Qian Zhang,1
Quynh Nguyen,1
R. Todd Hurst,1
Radu Timofte,2
Remi Emonet,1
Remi Lajugie,1
Ricardo Cabral,1
Richard Hartley,1
Rigas Kouskouridas,1
Robert Walecki,1
Roberto Cipolla,2
Roland Kwitt,1
Ron Kimmel,1
Ronald M. Summers,1
Rudrasis Chakraborty,2
Ruimao Zhang,1
Ruizhi Qiao,1
Rynson W.H. Lau,1
Sangdoo Yun,1
Sanping Zhou,1
Sarah Taghavi Namin,1
Sathya N. Ravi,1
Seon Joo Kim,2
Sergio Orts Escolano,1
Seungjin Choi,1
Seyed Mohsen Shojaee,1
Seyed-Mohsen Moosavi-Dezfooli,1
Shalini Gupta,1
Shaoheng Liang,1
Shaoting Zhang,2
Shaun Canavan,1
Shenlong Wang,2
Shijie Xiao,1
Shuhang Gu,2
Si Liu,2
Sijia Cai,1
Siyu Zhu,1
Song-Chun Zhu,3
Srinivasa G. Narasimhan,2
Stephen Lin,1
Stephen Tyree,1
Suchendra Bhandarkar,1
Tat-Jen Cham,1
Tatsunori Taniai,1
Teddy Furon,1
Terrance E. Boult,1
Terrence Chen,1
Timothy M. Hospedales,3
Timur Bagautdinov,1
Tomas Pajdla,2
Valsamis Ntouskos,1
Vijay Rengarajan,1
Wei Wang,1
Wei Xu,3
Wei-Chih Tu,1
Weixin Li,1
Wen Li,1
William A. P. Smith,1
William T. Freeman,2
Won-Dong Jang,2
Xi'ai Chen,1
Xiangchu Feng,1
Xiaodan Liang,3
Xiaohui Shen,7
Xiaojie Guo,1
Xiaolin Hu,1
Xiaoou Tang,7
Xu Liu,1
Xuming He,1
Yanfeng Sun,1
Yang Zou,1
Yanning Zhang,3
Yao-Hung Hubert Tsai,1
Yaser Sheikh,2
Yasushi Yagi,1
Yasuyuki Matsushita,2
Yedid Hoshen,1
Yeong Jun Koh,1
Yi Fang,1
Yi-Hsuan Tsai,1
Yibiao Zhao,1
Yijun Huang,1
Yinqiang Zheng,2
Yisong Yue,1
Yizhou Yu,1
Yu Cheng,1
Yu-Chiang Frank Wang,1
Yuanliu Liu,1
Yuanlu Xu,1
Yuanqing Lin,4
Yufei Wang,1
Yuhang Wang,1
Yuhua Chen,1
Yunchao Wei,1
Yuri Boykov,1
Zbigniew Wojna,1
Zhangyang Wang,2
Zhe Hu,3
Zhen Lei,2
Zhijiang Zhang,1
Zhou Wang,1
Abhinav Shrivastava,2
Adarsh Kowdle,1
Akihiko Torii,1
Albert Haque,1
Aleksis Pirinen,1
Alexander G. Schwing,1
Ali Borji,1
Ali Farhadi,5
Alonzo Kelly,1
Alvaro Soto,2
Andrej Karpathy,1
Andrew Farnsworth,1
Andrew Stevens,1
Anna Volokitin,1
Arik Poznanski,1
Arnaud Dessein,1
Artem Babenko,1
Aude Oliva,1
Binh-Son Hua,1
Binod Bhattarai,1
Bjoern Andres,3
Bjorn Ottersten,1
Bodo Rosenhahn,2
Bohan Zhuang,1
C. Lawrence Zitnick,3
C. V. Jawahar,1
Chaohui Wang,1
Charles R. Qi,1
Christian Szegedy,1
Christopher Mei,1
Chunhua Shen,6
Corinna Blasse,1
Daniel P. Robinson,1
Daniel Zoran,1
David F. Fouhey,1
David Joseph Tan,1
De Cheng,1
Deqing Sun,2
Derek Magee,1
Dinglong Duan,1
Donald A. Adjeroh,1
Dong Gong,1
Dong Liu,1
Edmond Boyer,1
Emanuel Laude,1
Fei Wu,1
Forrest N. Iandola,1
Francisco Massa,1
Frank R. Schmidt,1
Fuchun Sun,2
Gordon Wetzstein,1
Gregoire Montavon,1
Guillaume Seguin,1
Gustavo K. Rohde,1
Han Zhang,1
Hawook Jeong,1
Heng Tao Shen,1
Hojin Cho,1
Hongxun Yao,1
Hoo-Chang Shin,1
Howard Zhou,1
Huan Liu,1
Jaley H. Dholakiya,1
Jan Neumann,1
Jan-Michael Frahm,2
Jason Yosinski,1
Jesus Martinez del Rincon,1
Jiangpeng Rong,1
Jianping Shi,1
Jie Hu,1
Jiebo Luo,2
Jifeng Ning,1
Jinglin Xu,1
Jitendra Malik,3
Joanna Materzynska,1
Jon Shlens,1
Joseph Roth,1
Juan Carlos Niebles,2
Jun Li,1
Jun Wang,1
Jungchan Cho,1
Kaili Zhao,1
Karthik Ramani,1
Katerina Fragkiadaki,1
Kaustav Kundu,1
Ke Li,1
Ke Zhang,1
Kenichiro Tanaka,1
Khoa Luu,1
Kim-Chuan Toh,1
Kiyoharu Aizawa,1
Konstantinos G. Derpanis,1
Kuldeep Kulkarni,1
Kyle Krafka,1
Lam Tran,1
Larry S. Davis,3
Lawrence Carin,1
Lei Zhang,7
Leonid Pishchulin,1
Leslie N. Smith,1
Li Deng,1
Lijun Wang,1
Lorenzo Sorgi,1
Lubomir Bourdev,1
Lubor Ladicky,1
Luca Bertinetto,1
Manohar Paluri,2
Manohar Srikanth,1
Marian Bartlett,1
Mario Fritz,2
Marta Sanzari,1
Martin Kiefel,2
Mats Isaksson,1
Matthieu Cord,2
Michael Firman,1
Michael Rabbat,1
Michael Zollhofer,1
Mikael Nilsson,1
Ming-Yu Liu,2
Mostafa S. Ibrahim,1
Nadav Cohen,1
Nathan Jacobs,1
Nikolaus Mayer,1
Nima Tajbakhsh,1
Ning Zhang,1
Nishant Agrawal,1
Ognjen Rudovic,1
Oncel Tuzel,3
Or Sharir,1
Pascal Frossard,1
Pascal Vincent,1
Paul Wohlhart,1
Pavan Turaga,1
Pavlo Molchanov,1
Peihua Li,1
Philipp Krahenbuhl,2
Pushmeet Kohli,2
Qi Zhao,1
Qian Kemao,1
Qixing Huang,2
Ramesh Raskar,1
Ronen Basri,1
Roy Or-El,1
Rui Cai,1
Sergey Tulyakov,1
Shengjin Wang,1
Shizhan Zhu,1
Shuoguang Yang,1
Silvano Galliani,1
Soheil Kolouri,1
Sotiris Malassiotis,1
Spyridon Leonardos,1
Spyros Gidaris,1
Sriram Sivaramakrishnan,1
Stephen Gould,2
Stephen Rawls,1
Subhashini Venugopalan,1
Subhransu Maji,1
Suha Kwak,1
Tahsin M. Kurc,1
Takashi Shibata,1
Tara Javidi,1
Tatsuya Harada,3
Thalaiyasingam Ajanthan,1
Timo Rehfeld,1
Trevor Darrell,6
Umur Ciftci,1
Viktor Larsson,1
Vivek Singh,1
Vlad Morariu,1
Vladlen Koltun,3
Waqas Sultani,1
Wengang Zhou,1
Wenyu Liu,1
Wenzhe Shi,1
Wenzhuo Yang,1
Wojciech Samek,1
Xian Wei,1
Xiangyu Zhang,1
Xiangyu Zhu,1
Xiaodong He,1
Xiaojuan Qi,2
Xiaojuan Wang,1
Xueyang Fu,1
Yan Huang,1
Yan Wang,1
Yang Gao,1
Yang Song,1
Yanwei Fu,2
Yanwei Pang,1
Yap-Peng Tan,1
Yee Hong Yang,1
Yen-Yu Lin,2
Yeong-Jun Cho,1
Yi Gao,1
Yi Guo,1
Yiu-ming Cheung,1
YoungJoon Yoo,1
Yu Qiao,4
Yu Zhang,1
Yuan Jiang,1
Yue Huang,1
Yufei Chen,1
Yuke Zhu,1
Yuxiang Zhou,1
Zhe Lin,5
Zhen Zhang,2
Zheng Shou,1
Zhiwei Li,1
Zhujin Li,1
Zi Huang,1
Zijun Wei,1
Adrien Gaidon,1
Agata Mosinska-Domanska,1
Alhussein Fawzi,1
Amin Jourabloo,1
Amir M. Rahimi,1
Amit Ashok,1
Andrea Vedaldi,3
Andreas Doumanoglou,1
Andrew Y. Ng,1
Arash Vahdat,2
Arnold W.M. Smeulders,1
Ashraf A. Kassim,1
Atsushi Kanehira,2
Audrey Richard,1
Ayan Sinha,1
B. V. K. Vijaya Kumar,1
Baba C. Vemuri,2
Behrooz Mahasseni,1
Bharath Hariharan,1
Bingbing Ni,3
Boaz Nadler,1
Bogdan Alexe,1
Bowen Zhang,1
Boyang Gao,1
Brian McWilliams,1
Brian Price,5
Burak Yilmaz,1
Caiming Xiong,1
Cenek Albl,1
Chen Change Loy,2
Chen Huang,2
Chen Wang,1
Chenliang Xu,1
Chi Nhan Duong,1
Christian Theobalt,1
Christopher Kanan,1
Chuan Li,1
Cong Yao,2
Dapeng Chen,2
Deepu Rajan,1
Deniz Oktay,1
Desen Zhou,1
Di Hu,1
Domingo Mery,1
Duncan Robertson,1
Dylan Campbell,1
Elie Shammas,1
Etai Littwin,1
Etienne Vouga,1
Eugene W. Myers,1
Fatih Porikli,2
Fei Sha,2
Feng Liu,2
Gang Sun,1
Gong Cheng,1
Guangrun Wang,1
Guo-Jun Qi,2
Gyeongmin Choe,1
Hanwang Zhang,1
Haomiao Liu,1
Herve Le Borgne,1
Hongwei Qin,1
Huaping Liu,1
Huazhe Xu,1
Hui Xue,1
Hyowon Ha,2
Ian Schillebeeckx,1
Imari Sato,2
Ioannis Brilakis,1
Isaac Kauvar,1
Jaesik Park,2
Jan D. Wegner,3
Jan Hosang,1
Jan Lellmann,1
Jean-Baptiste Weibel,1
Jean-Marie Mirebeau,1
Jeffrey F. Cohn,2
Jialei Wang,1
Jiang Wang,3
Jiansheng Chen,1
Jianxin Wu,1
Jiashi Feng,7
Jingdong Wang,4
John Flynn,1
John Tsotsos,1
Jonathan Huang,2
Jose Caballero,1
Josiah Wang,1
Julie Chang,1
Jun Xu,1
Junsong Yuan,2
Kalle Astrom,1
Khoi Tran,1
Konrad Schindler,5
Kyoung Mu Lee,2
Laura Sevilla-Lara,1
Lijun Yin,2
Liming Chen,1
Liwei Wang,1
Mahdieh Soleymani,1
Maja Pantic,2
Marco Crocco,1
Marco Hutter,1
Martin Kleinsteuber,1
Matvey Soloviev,1
Meina Kan,2
Michael Jones,1
Michael M. Bronstein,1
Min H. Kim,2
Ming Yin,1
Minh Vo,1
Myungchul Sung,1
Narendra Ahuja,2
Nicholas Rhinehart,1
Nicolas Maerki,1
Nicu Sebe,3
Ning Xu,1
Oscar Koller,1
Pascal Fua,6
Patrick Wieschollek,1
Peng Liu,1
Peng Zhang,1
Qi Wu,2
Qian Yu,1
Qian Zhao,2
Qilong Wang,1
Qinghao Hu,1
Quan Gan,1
R. Manmatha,1
Rajat Aggarwal,1
Ramin Zabih,1
Robin Swanson,1
Ronan Collobert,1
Rushi Lan,1
Samuel Rota Bulo,1
Saurabh Singh,2
Sean Ryan Fanello,2
Seonghyeon Nam,1
Seunghoon Hong,1
Shanshan Zhang,1
Shaogang Gong,2
Simon Lacroix,1
Simon Osindero,1
Song Bai,1
Songhwai Oh,1
Stan Z. Li,2
Sunghoon Im,2
Tian-Tsong Ng,2
Timo Hackel,1
Tom Duerig,1
Tomas Pfister,1
Uwe Franke,1
Varun Jampani,2
Venkatesh N. Murthy,1
Vignesh Ramanathan,2
Vijay Kumar B G,1
Vikas Dhiman,1
Wei Liu,1
Wei Wei,1
Wencheng Wang,1
Xavier Giro-i-Nieto,1
Xiang Li,1
Xiaochuan Fan,1
Xiaofan Zhang,1
Xiaogang Wang,9
Xiaojun Chang,1
Xiaokang Yang,4
Xiaopeng Zhang,1
Xin Geng,1
Xue Bai,1
Yandong Tang,1
Yanxi Liu,2
Yao Wang,1
Yaowei Wang,1
Yash Goyal,1
Yedong Niu,1
Yi-Zhe Song,2
Yong-Deok Kim,1
Yong-Jin Liu,1
Yongxi Lu,1
Yunchen Pu,1
Zehan Wang,1
Zejian Yuan,2
Zhang Zhang,1
Zhaowen Wang,1
Zhe Gan,1
Zhe Wang,1
Zhen Wei,1
Zheng-Jun Zha,1
Zhenhua Wang,1
Zongben Xu,1
Abhijit Bendale,1
Achuta Kadambi,1
Adriana Kovashka,1
Adrien Bartoli,2
Ahmet Iscen,1
Alex Smola,1
Alexander Krull,1
Andrew Lavin,1
Andrey Bushnevskiy,1
Angjoo Kanazawa,1
Anna Khoreva,1
Anran Wang,1
Anton Milan,1
Arthur Daniel Costea,1
Aswin C. Sankaranarayanan,1
Atshushi Irie,1
Baoxin Li,1
Bastian Goldluecke,1
Basura Fernando,2
Bernt Schiele,8
Bilin Sun,1
Bing Shuai,1
Boqing Gong,3
Caglayan Dicle,1
Carolina Raposo,1
Cedric Verleysen,1
Chenglong Bao,1
Chiho Choi,1
Christoph Feichtenhofer,1
Christophe De Vleeschouwer,1
Chun-Hao Huang,1
Chunyu Wang,1
Craig P. Przybyla,1
Cristian Sminchisescu,1
David Gadot,1
David L. Richmond,1
David Vazquez,1
Delu Zeng,1
Devi Parikh,4
Dim P. Papadopoulos,2
Dinesh Jayaraman,1
Dong Xu,2
Eng-Jon Ong,1
Eric P. Xing,2
Erik B. Sudderth,1
Fan Yang,1
Fernando De la Torre,1
Florian Jug,1
Frank Keller,1
Frank Michel,1
Fred A. Hamprecht,1
Fredrik Kahl,3
Gaurav Sharma,3
Gavin Miller,1
George Trigeorgis,2
Gerard Medioni,1
Gianfranco Doretto,1
Gil Ben-Artzi,1
Gim Hee Lee,1
Giulia Meneghetti,1
Guanbin Li,1
Guangyong Chen,1
Guibo Luo,1
Hae-Gon Jeon,2
Haifei Huang,1
Hamed Pirsiavash,4
Hamid R. Rabiee,1
Hanspeter Pfister,1
Hansung Kim,1
Helen Jiang,1
Hexiang Hu,2
Hong Zhang,1
Hongsheng Xi,1
Hongyang Chao,1
Hongye Liu,1
Horst Bischof,1
Hsin-Ying Lee,1
Huimin Ma,1
Huiyuan Yang,1
Hyeonwoo Noh,1
Inbar Huberman,1
Ishant Shanu,1
James E. Davis,1
Jan van Gemert,1
Jasper R. R. Uijlings,1
Jean-Sebastien Franco,1
Jeff M. Girard,1
Jiahuan Zhou,1
Jianbo Shi,3
Jifeng Dai,2
Jin Xie,1
Jin Young Choi,2
Joachim M. Buhmann,1
Joao P. Costeira,1
Johan Fredriksson,1
Joo Ho Lee,1
Jordi Pont-Tuset,2
Juan-Manuel Perez-Rua,1
Jun Yuan,1
Junsik Kim,1
Karan Sikka,1
Kate Saenko,2
Keisuke Midorikawa,1
Kevin J. Shih,1
Kevin Murphy,3
Kratarth Goel,1
Kuiyuan Yang,1
Kurt Keutzer,1
Liuhao Ge,1
Loong-Fah Cheong,1
Luke Zettlemoyer,1
Makarand Tapaswi,2
Marcus Hutter,1
Margrit Betke,1
Mario Sznaier,3
Marius Cordts,1
Marius Popescu,1
Mark Wolff,1
Mark Yatskar,1
Maros Blaha,1
Martin Danelljan,2
Mathieu Aubry,2
Matthew W. Moskewicz,1
Matthias Hullin,1
Maxim Lvov,1
Mengyuan Yan,1
Michael J. Black,4
Michael Maire,1
Michael Ying Yang,1
Michal Havlena,1
Mihalis A. Nicolaou,2
Mingyuan Zhou,1
Mo Zhou,1
Mykhaylo Andriluka,2
Naila Murray,1
Nati Ofir,1
Neelima Chavali,1
Neil D. B. Bruce,1
Neus Sabater,1
Nikolaos Karianakis,1
Noel E. O'Connor,1
Oisin Mac Aodha,1
Parag Singla,1
Peixi Peng,1
Phillip Isola,1
Pierre Baque,1
Pierre Hellier,1
Prem Natarajan,1
Pulkit Agrawal,1
Qi Tian,4
Qiang Ji,4
Qiangqiang Zhou,1
Qiao Wang,1
Qingxiang Feng,1
Qingxiong Yang,3
R. Venkatesh Babu,1
Raffay Hamid,1
Rahul Sukthankar,1
Raviteja Vemulapalli,3
Relja Arandjelovic,1
Renjiao Yi,1
Richard Bowden,1
Rin-ichiro Taniguchi,1
Robert Pless,1
Roland Siegwart,1
Ronan Kerviche,1
Ross Girshick,4
Rui Wang,1
Rui Zhang,1
Sameh Khamis,1
Satwik Kottur,1
Scott Gray,1
Scott Reed,1
Sebastian Lapuschkin,1
Seong Jae Hwang,1
Seoung Wug Oh,1
Seung-Hwan Baek,1
Shahram Izadi,3
Shai Avidan,1
Shengfeng He,2
Shih-Fu Chang,2
Shuran Song,1
Simon Julier,1
Simon Lacoste-Julien,1
Sinisa Todorovic,2
Sk Aziz Ali,1
Stefano Soatto,1
Stephan Zheng,1
Steve Kelling,1
Stuart Golodetz,1
Suhas Lohit,1
Sukrit Shankar,1
Sung-eui Yoon,1
Susanna Ricco,1
Suyog Dutt Jain,1
Tae-Hyun Oh,2
Tae-Kyun Kim,1
Takao Tomono,1
Takeo Kanade,1
Tao Mei,4
Tao Xiang,3
Tao Xu,1
Tat-Jun Chin,4
Tetsu Matsukawa,1
Thomas Mollenhoff,1
Tianfu Wu,1
Tobias Ritschel,1
Tong Xiao,1
Tsun-Yi Yang,1
Varun Ramakrishna,1
Vibhav Vineet,2
Vincent L. Fish,1
Vladimir Pavlovic,1
Wen Zheng,1
Wolfgang Heidrich,1
Won Hwa Kim,1
Xavier Boix,1
Xiang Bai,4
Xiang Ruan,1
Xianghua Ying,1
Xikang Zhang,1
Xiu Li,1
Xudong Cao,1
Xuelong Li,2
Xuemei Hu,1
Yale Song,2
Yang Mi,1
Yang Zhang,1
Yao-Liang Yu,1
YaoLiang Yu,1
Yi Ma,1
Yi Sun,1
Yi Yang,6
Yi-Ren Yeh,1
Yilin Wang,1
Yiming Qian,1
Yin Li,2
Ying He,1
Yiran Zhong,1
Yoav Y. Schechner,1
Yohann Cabon,1
Yongxin Yang,1
Yoni Kasten,1
Youjie Zhou,1
Yu-Gang Jiang,1
Yue Wu,3
Yuewei Lin,1
Yunsong Li,1
Yusuf Aytar,1
Zhichao Zhou,1
Zhicheng Wang,1
Zhifeng Li,1
Zhiheng Huang,2
Zorah Lahner,1
Zuzana Kukelova,2
carsten Rother,1
daniel Moreno,1
