(PaQ-2-PiQ):,1
(Un-)Supervised,1
(by,1
(vis-w2v):,1
1,2
12-in-1:,1
2.0:,1
3D/2D,1
64,1
=,1
ABCNet:,1
AOGNets:,1
AOWS:,1
AP,1
APQ:,1
Abstractions,2
Acquisition,4
Act,1
Action4D:,1
Activities?,1
Activity,26
Adaptive,84
AdderNet:,1
Adjusted,1
Adopting,1
Adversaries,1
Advertisements,1
Affinity,9
Affordance-Grounded,1
Age-Invariant,2
Aggregating,2
Algorithm:,2
Alignment-Free,1
Allocation,1
Allocentric,1
Amazing,1
Amplitude,1
Angle,2
Animals,4
Animation,2
Answering:,1
Approaching,1
Arbitrary-Shaped,1
Architectures',1
Arrow,1
Art,3
Articulated,7
Artworks,1
Assessment:,1
Assessor,1
Associations,1
Attend,3
Attention-Modulated,1
Attentive,25
Attribute-Object,1
Attributes,9
Augmented,9
AutoEncoders,1
AutoTrack:,1
Automated,5
Automatic,31
Avatars,1
BASNet:,1
Back:,1
Balanced,4
Balancing,1
Bandwidth,1
Batch,7
Benchmark:,2
Benefit,1
Better:,1
Bezier-Curve,1
Billion-Scale,1
Binge,1
Biplanar,1
Biresolution,1
Blackbox,4
Body,21
Boltzmann,1
Boost,2
Boosting,14
Borrowing,1
Boundary-to-Pixel,1
Bounding-Boxes:,1
Box-Driven,1
BoxCars:,1
Broadcast,1
Budget-Constrained,1
Bunches,1
Bundle,7
Burgers:,1
Butterfly,1
CASENet:,1
CERN:,1
CLEAR:,1
CNN-N-Gram,1
COCAS:,1
CSRNet:,1
Calibrate,1
Canine,1
CascadePSP:,1
Catastrophic,2
Categorical-Level,1
Categorizing,1
Celeb-DF:,1
ChamNet:,1
Chest,3
Choice,1
Circle,1
Classifier,14
Clothing,7
Cloud,54
Cloud:,1
Clues,1
Clustering,50
Clustering:,1
Co-Attention,5
Codes,4
Coefficients,4
Cognitive,2
Collaboration:,1
Collinear,1
Combining,12
Commonly,1
Compare,2
Compensation,5
Complete,2
Composed,1
Computers,1
Conditional,43
Confidence-Energy,1
Confusion,1
Congested,1
Connection,1
Connections,6
Cons:,1
Constancy,9
Constrained,13
Constraint,10
ContactDB:,1
Context-Deformable,1
Contour,5
ContourNet:,1
Contours,5
Contrast,7
Contrasted,1
Control,6
Conv-MPN:,1
ConvNets,6
Convergences,1
Convolutional-De-Convolutional,1
CookGAN:,1
Coordinate-Free,1
Copula,1
Corners:,1
Correlated,1
Correspondence-Free,1
Corrupt,1
Counting,26
Creating,3
Cross-Media,1
Cross-Spectral,3
Cross-Stream,2
Crowded,7
Current,2
Curve,6
Customized,2
D2-Net:,1
D2Det:,1
DB,1
DNU:,1
DOPS:,1
DR,1
DSAC,1
DUNIT:,1
DaST:,1
Daily,1
Dataset,70
De-Expression,1
De-Hazing,1
De-Occlusion,1
DeFeat-Net:,1
DeFusionNET:,1
DeLS-3D:,1
Debugging,1
Decision-Based,2
Decomposing,1
Decorrelation,1
DeepHand:,1
DeepLight:,1
DeepMapping:,1
DeepView:,1
DeepVoxels:,1
Deeply-Supervised,1
Deepstrip:,1
Defenses,2
Deformation-Aware,1
DenseNet,1
Depth-Guided,1
DeshadowNet:,1
Despite,1
Developing,1
Devices,3
Diagnosing,1
Dialogs,3
Dies,1
Differential,5
Difficulty-Aware,1
Diffraction-Limited,1
Discrimination,6
Discriminatively,3
Disentangled,14
Disentanglement,7
Disentangling,19
Dishes:,1
Distance,27
Distances,2
Distill:,3
Distort-and-Recover:,1
Distraction,1
Distribution-Induced,1
Diverse,28
Diversity:,1
DocUNet:,1
Domain,125
Domain-Aware,2
Don't,6
Doppler,1
Double-DIP,1
Double-Layer,1
Down-Sampling,1
Downsampling,1
Drawings,4
Driven,8
DuDoNet:,1
Dual-Pixel,1
Ear,1
Easily,1
Edge-Labeling,1
Efficiently,2
Emotion,7
Emotions,1
Enclosure,1
Encoders:,1
Endoscopic,1
Enhancement,13
Enriching,1
Ensemble,8
Ensembling,1
Environments,13
Episode-Based,1
Equally,1
Estimation?,1
Events,7
Events-To-Video:,1
Everyone,1
Evolutionary,3
Exclusive,2
Expansion,4
Expert,1
Explainability,1
Exploding,1
Exploration,7
External,4
F-Formations:,1
FALCON:,1
FLOPs,1
FReeNet:,1
FSA-Net:,1
FSS-1000:,1
Face,166
Face-Appropriate,1
Fading,1
Familiar,1
Farthest-Neighbor,1
Feature-Metric,1
Features,67
Fence,1
Fidelity,5
Field,31
Fight,1
Film,2
Filter,28
Filtered,2
Finsler,1
FireCaffe:,1
First,9
First-Person,9
First-Returning,1
Fits,1
Flows,2
Flying-Camera,1
Fog:,1
Force,2
Forgeries,1
Forgery,4
ForgetMeNot:,1
Forking,1
Forward,3
Fractal,3
Free-Hand,1
Freehand,1
Frege's,1
FroDO:,1
Fully,29
Fusion,48
Fusion:,1
Future,15
G-TAD:,1
G3AN:,1
GANerated,1
GP-NAS:,1
GVCNN:,1
Garment,1
Gate:,1
Generalization:,1
Generalize,1
Generating,29
Geodesic,5
Geometry,30
Geometry-Informed,1
Get:,2
Glimpses,1
Global:,2
Gradient-Based,2
Gradual,1
Gradually:,1
Grammatical,1
Graph-Based,8
GraspNet-1Billion:,1
Gray,1
Group-View,1
HOPE-Net:,1
HOPE:,1
HSnet,1
Hallucinating,2
Hard?,1
Hardware-in-the-Loop,1
Harmonization,2
Harvesting,1
Hear,1
Heart,1
Hierarchically-structured,1
High-Order,4
High-Quality,8
Higher-Order,7
Highly,4
Holistically-Attracted,1
Hough,1
Human-Machine,1
Hybrid-Attention,1
HyperNet:,1
Hyperparameter,1
Hypersphere,1
Hypothesis,2
IM2CAD,1
IVQA:,1
Identically,1
Identity-Preserved,1
Ill-Posedness:,1
Illuminant,4
Image-Text,5
Image-To-Image,9
Immunity,1
In-Painting,2
In-Parallel,1
Inconspicuous,1
Individual,4
Inflated,1
Influence,3
Infrared-Visible,1
Inheritable,1
Initialization-Free,1
Injection:,1
Input,4
Input-Output,1
Integral,1
Intelligence,1
Intention,1
Interior,1
Intermediate,2
InterpoNet,1
Interpolation,21
Intersection-Over-Union,1
Intervention,1
Introspection,1
Invariances,1
Invisible,3
Isomers,1
It:,1
Iterations,1
JPEG,1
Joint,103
Jointly,11
Judge,1
Jumping,1
KINS,1
KeyPose:,1
Keypoints,4
Knockoff,1
Know?,1
Kronecker-Product,1
LCD,1
Labelling,1
Labels,15
Labor-Free,1
Laboratory,1
Language-Guided,1
Lapse,1
Latent,41
Latent-Dynamic,1
Layer:,1
Layout,14
LayoutNet:,1
Leakage,1
Learning-Convolutional,1
Learning:,9
Let,1
LiDAR-Based,1
Light-weight,1
Lighting,9
Likelihood,3
Limitations,2
Linearization,1
Longitudinal,4
Longitudinally,1
Lose,1
Loss-Aware,1
Loss-Error-Aware,1
Loss:,6
Low-Bitwidth,1
Low-Latency,2
Lyapunov,1
MARMVS:,1
MAttNet:,1
MCEN:,1
MCMLSD:,1
MS-TCN:,1
MSG-GAN:,1
MUXConv:,1
MX-LSTM:,1
Machine-Labeled,1
Macroblock,1
Macroscopic,1
Makeup,3
Man-Made,1
Manage,1
Manhattan,3
Manipulation,16
Many,1
Mapping,17
Marching,1
Mask-Guided,3
Master:,1
Maximization,13
Maximizing,4
Me:,2
Mean-Fields,1
Mean-Variance,1
Mechanisms,1
Medical,19
Memory,31
Memory-Attended,1
Memory-Efficient,5
Mesh,14
Met,1
Meta-Networks,1
Million-Scale,1
Millions,1
Mini-Batch,1
MirrorGAN:,1
Mistakes:,1
Mitigating,3
Mix,1
MixNMatch:,1
Mixed,7
Mixing,3
Mixup:,1
MnasFPN:,1
Mnemonic,1
MobileNetV2:,1
Mobius,1
Model-Free,2
Modifying,1
Module,6
Moment,5
More:,4
MorphNet:,1
Morphological,1
Motion-Augmented,1
Movements,1
Multi-Branch,1
Multi-Channel,2
Multi-Exemplar,1
Multi-Field-Of-View,1
Multi-Future,1
Multi-Human,1
Multi-Kernel,1
Multi-Level,15
Multi-Model,3
Multi-Mutual,1
Multi-Scan,1
N-Label,1
NDDR-CNN:,1
NETNet:,1
NMS:,1
NTU,1
Near-Linear,1
Nested,4
Net:,4
Network),1
Network:,9
Network?,1
Next-Best-View,1
Night,1
Noise-Robust,3
Non-Autoregressive,1
Nonnegative,1
Nonverbal,1
Nuisance,1
Numerous,1
OATM:,1
OCGAN:,1
Object,395
Object-Induced,1
Object-Occluded,1
Objectives,1
Observe:,1
Occlusion-Aware,3
Occlusion-CRF,1
Octree-Structured,1
Odometry,11
Operations,5
Optimizer,1
Ordinal,10
Orthogonalization,1
Out-Of-Distribution,1
Out:,1
PAD-Net:,1
PCAN:,1
PDE,1
PIFuHD:,1
Pair,7
Parametrization,1
Part-Of-Speech,1
Patch-Based,4
Pathology:,1
Patterns,6
Patterns:,1
Peek-a-Boo:,1
Peer-Regularized,1
People,23
Per-Camera,1
Perception?,1
Permutation,3
Personally,1
Perturbative,1
Phase-Only,1
Photograph,1
Photographer,1
Photography,5
Photography:,1
Physics-Based,2
Picking,1
Picture,1
Pilot:,1
Pix2pix,1
Pizza:,1
PlaneRCNN:,1
Planning,5
Platform-Independent,1
Playing,1
Plots,1
Point-GNN:,1
Point-Wise,1
PointAugment:,1
PointNetLK:,1
PointNetVLAD:,1
Polar,1
Policies,2
Policy-Adapted,1
Poselets,1
Position-Normal,1
Potential,3
Priming,1
Principled,2
Principles,1
Productive,1
Prohibited,1
Promoted,1
Pruning,18
Pruning-Quantization,1
Pseudo,3
Pseudo-Label,1
Pseudo-Labels,1
Quad-Networks:,1
Quadrics,2
Quadruplet,2
Quantize,1
Query-Focused,1
Question-Guidance,1
R-Surfaces,1
R3,1
RAID-G:,1
RGB-Depth,1
RGBD-Dog:,1
RL-CycleGAN:,1
RMSProp,1
ROAM:,2
ROC:,1
Random-Walk,1
Raw,6
Re-Identification:,2
Realistic,10
Realistically,1
Realizable,1
Reasoning-RCNN:,1
Reconstruction:,2
Rectangles,1
Recurrence,2
Recurrently,3
Recursive,11
Redescription,1
Reflective,2
Refraction,1
Regions,5
Regressing,1
Regression,53
Regressors,1
Regretful,1
Rejection,1
Relation-Aware,1
Relation-Shape,1
Relational,14
Relaxation,5
Relaxations,1
Reliability,3
Render-and-Compare,1
Representative,4
Representative-Based,1
Requires,1
Residue,1
Restoration,18
Restoration:,1
Restore,1
Results,1
Retention,1
Retinal,2
Reverse,3
Richer,1
Road,10
Role,2
Rolling-Shutter,1
Rotate-and-Render:,1
RotationNet:,1
S3VAE:,1
SCOPS:,1
SCOUT:,1
SEED:,1
SOS:,1
SP-NAS:,1
SPLATNet:,1
Salience,4
Salient,38
Samples,6
Scale-Adaptive,1
Scale-Associated,1
Scale-Space,1
ScanComplete:,1
Scene-Level,1
Scheduling,1
Screencast,1
Search:,3
Second,4
See?,2
SegGCN:,1
Segmentations,2
Segments,2
Self-Calibrating,2
Self-Driving,3
Self-Knowledge,1
Semi-supervised,1
Sensors,5
Sequence,16
Sequence-To-Sequence,1
Settings,2
Shallow,1
Sharp,1
Shift,7
Shopping,1
Short-Term,3
Shortlist,1
Shredded,1
Siam,1
SimNets,1
Simultaneous,17
Single-Stream,1
Sinogram,1
Skill,2
Skin,1
Skip,3
Slice,3
Slow,4
SoDeep:,1
Social,16
Softened,1
Solution,11
Sorted,1
Source-Free,1
Sow:,1
SpSequenceNet:,1
Span,1
SparsestMax,1
Sparsity,9
Sparsity-Quantization,1
Spatial-Aware,3
Spatially-Adaptive,3
Spatially-Varying,4
Spatio-Recurrent,1
Spatio-Temporal-Interactive,1
Spiking,2
Splatting,1
Spline,1
Squeeze-and-Excitation,1
Stable,2
Stacked,7
Standard,1
Standardization,1
StarGAN,1
StoryGAN:,1
Structure,46
Stuff,3
Style:,1
Styles,5
Submanifold,1
Subspaces,5
Subtomogram,1
Subtype,1
Summarization,11
Sums,1
Suprathreshold,1
Surface,32
Surfaces:,1
Surrogate,1
Surroundings,1
Survival,1
SynSin:,1
SyncSpecCNN:,1
Synchronized,2
Synthetic-Real,1
Synthetic-to-Real,1
T-Linkage,1
TBT:,1
TOUCHDOWN:,1
Taken,1
Target,3
Tell:,3
Temporal,81
Test,1
Tetrahedral,1
TextureGAN:,1
Textured,3
Thinking,1
Thousand,1
Throughput,1
Time-Of-Flight,6
Time-Resolved,1
Tissue,2
Tomography,2
Tone,2
Top-k,1
Trade-Off:,1
Traffic-Sign,1
TransMoMo:,1
Transferred,1
Transformation,17
Transformation-Invariant,1
Transmission,2
Transport,9
Trash,1
Tricks,2
Trilinear,1
Trimmed,1
Triplet-Based,1
Two-In-One,1
Two-Level,1
Type-Annotated,1
UPSNet:,1
USA:,1
UltraStereo:,1
Under-Represented,1
Understanding:,4
Unequal-Training,1
Unidirectional,1
Unpaired,10
Upgrading,1
User,2
Utilization,2
Utilizing,1
VERI-Wild:,1
VINS:,1
VQA,5
Vadis,1
Variational,34
Vectorial,1
Vice,1
VidLoc:,1
Video,298
Video-Induced,1
Videography,1
Videos,113
View-Based,1
Visibility,6
Vision-Language,4
Visual-Textual,1
Viterbi,1
Voting,5
WELDON:,1
Wardrobes,1
WarpGAN:,1
Warped:,1
Watch,1
Wavelet,3
Weakly,75
Well,1
What?,1
When2com:,1
White-Box,1
Who's,2
Wide-Baseline,1
Width,1
Wild',1
Wish:,1
World,12
Wrapped,1
Wrong:,1
Zebrafish,1
Zoom-In-To-Check:,1
iTAML:,1
m-Best,1
solution,1
using,2
v,1
without,1
xUnit:,1
~,1
–,1
“Best,1
(DDP),1
(IndRNN):,1
(LDAN),1
-,24
250,1
3D-MPA:,1
3D-SIS:,1
3DRegNet:,1
3DV:,1
3FabRec:,1
A-CNN:,1
ADE20K,1
ADINet:,1
AMNet:,1
ATOM:,1
Ability,2
Abstraction,3
Accel:,1
Accumulated,2
Achieving,2
Actional-Structural,1
AdaBits:,1
AdaCoF:,1
AdaCos:,1
Adaptively,3
Adjustment,6
Adversarially,6
Adverse,1
Advice,1
Affinities,1
All:,1
Alternately,1
Analysis-Synthesis,1
Aneurysm,1
Annotation,13
Answer:,1
Answering,55
Anti-Glare:,1
Application,13
Arm,1
Artistic,2
Assessing,3
Associative,1
Assumption,1
Attacks,28
Attended,1
Attention-Aware,4
AugFPN:,1
Auto-Tuning,1
Autoencoded,1
Autoencoder:,1
Automating,1
Avatar-Net:,1
Average,1
Avoiding,2
B-Splines,1
BDD100K:,1
BPGrad:,1
BachGAN:,1
Back-Propagation,1
Backgrounds,1
Bad,3
Bag,2
Ball:,1
Bandpass,1
Basketball,2
BatchNorm,1
Bayes,1
Bayesian,15
Best?,1
Bi3D:,1
BigHand2.2M,1
Binarized,3
Blending-Target,1
BlockDrop:,1
Blurring,1
Bootstrapping,3
Bottleneck,2
Bottom-Up,10
Boundaries,8
Bounding,11
C3AE:,1
CATS:,1
CNN-Generated,1
Cages,1
Calibration,19
Calibration?,1
Camera-Aware,1
Capture,16
Car,3
CarFusion:,1
Case,3
Catadioptric,1
Categorical,1
Category-Aware,1
Causes,1
Cell,1
CentripetalNet:,1
Centroid,1
Challenging,2
Change?,1
Channel,10
Cheap,1
Circulant,4
Class-Based,1
Clean-Label,1
Clip,2
Cliques,1
Clouds:,1
Cluster,3
ClusterNet:,2
Clustered,1
Cluttered,3
Co-Occurrent,1
Co-Part,1
Co-Regularization,1
Collections,9
Collider,1
Combating,1
Comic,1
Common,9
Comparison,2
Complementary,8
Component,8
Composition-Preserving,1
Compression,43
Computation,4
Computational,7
Compute,2
Concurrent,1
CondenseNet:,1
Conformity,1
Conic,1
Content-Aware,2
Content-Weighted,1
Context-Aware,21
Contexts,2
Contour-Constrained,1
ConvNets:,1
Convergence,2
Convergent,1
Convex,14
Convolution,23
Cooking:,1
Cooling-Shrinking,1
Cooperation:,1
Core,2
Coronary,1
Corpus,1
Correction,11
Correlation,25
Cosine,2
Cost,5
Critic,1
Critical,2
Cross-Channel,2
Cross-Consistency,1
Cross-Domain,18
Cross-Image,1
Cross-Season,1
Cross-Stitch,1
Cross-Task,4
Crowdsourcing,3
Crowdsourcing:,1
Cube,1
Cue,1
Curated,1
Curvilinear,2
Customizable,2
Cut:,1
Cyclic,3
D3S,1
D3VO:,1
DDLSTM:,1
DFANet:,1
DOTA:,1
Data-Dependent,1
Dataset:,2
Datasets:,1
Daytime,1
De-Corrupt,1
DeblurGAN:,1
Decompositions,2
DeepCap:,1
DeepPermNet:,1
Defocus:,1
Demonstration,1
Dense,70
DenseASPP,1
DenseCap:,1
Depth-Induced,1
Depth:,1
Deraining:,1
Descriptive,2
Design,10
Destruction,1
Detect-To-Retrieve:,1
Detection,399
Determine,1
Determining,2
Diagnosis,3
Differences,2
Diffusion,5
Direction-Aware,1
Discover,1
Discovery,17
Discrepancy,6
Discriminate,1
Diseases,1
Display,2
Dissecting,1
Distillation,21
Distinguishing,1
Distributed,7
Divide,3
Domains,13
Dominant,1
Drone,1
DualConvMesh-Net:,1
Dynamic,89
ELASTIC:,1
ESPNetv2:,1
Easy,3
EcoNAS:,1
Effect,3
Effectively,3
Egocentric,17
Elevating,1
Encoder,6
End,1
Enhancing,10
Equal:,3
Equals,1
Equivariance,1
Eroded,1
Estimate,1
Estimator,4
EventNet:,1
Expanded,1
Explanations:,1
Exploit,5
Exploits,1
Exploring,19
Expressions,9
Extrinsic,1
Eyes,1
FA-RPN:,1
FAUST:,1
FFNet:,1
FGN:,1
Factoring,1
Family,1
FastDraw:,1
Feature,144
Feature-Map,1
Feature:,1
Featurized,1
Feed-Forward,2
Fermat,1
FilterReg:,1
Find,3
Fine,2
Fine-To-Coarse,2
Five-Point,1
Flattening,1
Flexible,8
FlowNet3D:,1
Fluent,1
Fluorescent,1
FoV,1
Foggy,1
Following,1
Form,1
Formulation,2
Frame,22
Frequency-,1
Front2Back:,1
Fundamental,4
GA-Net:,1
GIFT:,1
GMM,1
GOGMA:,1
GPSfM:,1
GS3D:,1
Gait,6
Game:,1
Geo-Localization,4
Geocentric,1
Germany,1
Globally,10
Gold,1
Gold:,1
Gradient-Efficient,1
Gradients,4
Grained,1
Graph-Guided,1
Graph-Induced,1
Graphical,4
Graphonomy:,1
GrappaNet:,1
Ground-Truth,1
GroupCap:,1
Groups:,1
Guassian,1
Gum-Net:,1
Gutter:,1
HCNAF:,1
HPLFlowNet:,1
HSfM:,1
Handheld,1
Handwritten,2
Hard-Batch,1
Hardness-Aware,1
Harmonizing,1
Hashing,25
Have?,1
Heterogeneous,12
High-Rank,1
High-Resolution,18
HigherHRNet:,1
Hilbert,3
Hit,1
Hive,1
Holistic,5
Homomorphic,2
Human,154
Human-Centric,4
Humans,11
Hypergraph,2
Hyperlinks,1
Hyperparameters,2
Hyperplane,1
IGE-Net:,1
IRLAS:,1
ImVoteNet:,1
Image-To-Class,1
Imitative,2
Immersive,2
Importance,6
Improves,2
Incorporating,2
Induced,3
Inequality,1
Inference,49
Injection,2
Intelligently,1
Intensity-Range,1
Inter-Action,1
Intima-Media,1
Intra-Domain,1
Intra-Kernel,1
Invariance,6
InverseFaceNet:,1
Investigation,2
Isospectralization,1
Iteratively,1
JA-POLS:,1
Kernels,9
KeypointNet:,1
L2-GCN:,1
LDMNet:,1
LIME:,1
LSTM,10
Label-Noise,1
Labeling,16
Labelled,3
Language-Based,3
Latency,1
Layer-Wise,1
Learnable,7
Learning?,2
Learnt,2
Least-Squares,2
Less:,1
Level,11
Lidar-Stereo,1
Light-Ray,1
Line-Of-Sight,1
Linkage,1
Lip,2
Listen,2
Live,2
Living,2
Localized,3
Locations,3
Look-Into-Object:,1
Looking:,1
Lookup-Based,1
Lowshot,1
MANTRA:,1
MAP,2
MDL-CW:,1
MFAS:,1
MVSNet,1
Made,2
Magnification-Arbitrary,1
Main/Subsidiary,1
Make,3
Makeup-Invariant,1
Making,9
Man-Machine,1
Manifolds:,3
Many-Task,1
MappINg,1
Mappings,2
Marr,1
MaskLab:,1
Mathematical,1
Max-Of-Convex,1
Me?,1
Measured,1
Mesh-Guided,1
Meta-Skills,1
MetaCleaner:,1
Metadata,1
Microcalcification,1
Microscopy,2
Mimicking,2
Min-Entropy,1
Minimizing,3
Mnemonics,1
MoCoGAN:,1
Modal,1
Modern,2
Modules,1
Mosaic,1
Motion-Appearance,1
Motivations,1
Movies,2
Moving,11
Moving-Camera,1
Multi-Dimensional,3
Multi-Hypothesis,1
Multi-Quantization,1
Multi-Scale,29
Multi-Similarity,1
Multi-Stage,5
Multiple,57
Multirate,1
Multiview,8
N,1
NISP:,1
Navigation,15
NeTwork,1
Neck,1
Need,6
Neighbourhood,3
Nesti-Net:,1
NeuralNetwork-Viterbi:,1
Non-Greedy,1
Non-Holonomic,1
Non-Minimal,1
Non-Overlapping,1
Non-Parametric,2
Normal,13
Normalizing,1
Objective,4
Objects,65
Observe,1
Obstructions,1
Occlusions,2
Occupancy-Aware,1
Odyssey,1
Old,2
Open-Set,9
Operators,2
Optical,41
Optimize,3
Ordering,1
Orientations,1
Outlier-Robust,1
Overconfident,1
P2B:,1
PPGNet:,1
PREDICT,1
Pan-Sharpening,1
Papier-Mâché,1
Parse,1
Partitioning,3
Parts,12
Parts-Based,1
Pattern-Propagation,1
Pay,1
Peeking,1
Penalties,1
Perceptual-to-Conceptual,1
Periodic,1
Persistence,1
Persistency,1
Personalization,3
Personalized,3
Perturbation,3
Pest,1
Phase-Shifting,1
Phases,1
Photo,18
Photos,3
Phrase,4
Pipeline,2
Pixel-Centric,1
Plane,5
PlaneNet:,1
Planes,2
Planner,1
PnP,2
PoTion:,1
PointLSTM,1
PointRend:,1
Poisson-Gaussian,1
Polarization,1
Polarized,2
Polishing,1
PolyTransform:,1
Polygon-RNN,1
Polygons,1
Pooling:,2
Portrait,7
Pre-Trained,2
Precision,7
Predictive,2
Preserving,12
Printed,1
Prior-Less,2
Privacy,6
ProAlignNet:,1
Probabilistic,24
Problem,17
Problems:,1
Process,7
Programming:,1
Projector,1
Promote,1
Proofreading,1
Pros,1
Provable,2
Proxy,3
Pursue,1
Pursuit,5
Pyramidal,2
Q-Learning,1
Quadratically,1
Quasi-Unsupervised,1
Quaternion,1
Quo,1
REasoNing,1
RGB+D:,1
ROAD:,1
RON:,1
Rank-Aware,1
Rank-Based,2
Ranked,1
Rate,5
Rates,1
Rather,1
Ratio,3
ReID,1
RePr:,1
Read,2
Realtime,3
Receptive,3
Reciprocating,1
Recognizing,10
Referring,19
RefineNet:,1
Region-Adaptive,1
Registering,1
Registration,34
Regression:,2
Regularize:,1
Remote,3
Removing,6
Rendered,1
Renderer,1
Repeating,1
Representations,72
Resection-Intersection,1
Resisting,1
Resultant,1
Retrospective,1
Reuse,1
Revisiting,18
Rich,7
Riemannian,6
Right:,1
Rob-GAN:,1
Robustness,25
Robustness?,1
Root,1
Route,1
SAIL-VOS:,1
SAM:,1
SAPIEN:,1
SCA-CNN:,1
SDRSAC:,1
SGD,2
SLIC:,1
SSRNet:,1
ST-GAN:,1
SVBRDF-Invariant,1
Salient-Instance,1
Saturation,1
Scalable,19
Scale-Insensitive,1
Scenarios:,1
Scene,132
Scene-Adaptive,1
Scenes:,2
Scheme,3
Schmidt-EKF,1
Scoring,2
Sea-Thru:,1
Security,1
Segment,8
Selection,30
Self-Conditioned,1
Self-Organizing,3
Self-Robust,1
Semantic-Gaze,1
Semantic-Instance,1
Semantic-Visual,1
Semantically,8
Semi,1
Semidefinite-Based,1
Sensitive,1
Separation,10
Series,1
Set-to-Set,1
Set:,1
Sets,7
Shake,1
Shape-Consistency,1
Shape-From-Template,1
ShapeOdds:,1
Sharing-Subset,1
Shifting,2
Single-Cell,1
Single-Photon,3
Situation,3
Skeleton-Based,13
Skeleton-Bridged,1
Sketch,15
Sketch-Shape,1
Sketch-a-Classifier:,1
Skin-Based,1
SloMo:,1
Snake,1
Soft-Margin,1
Solver,5
Sound,6
Space-Time-Aware,1
Spaces,7
Sparse,54
Spatio-Temporally,2
Spectra-Based,1
SpeedNet:,1
SpherePHD:,1
Square-Loss,1
Statistics,5
Steering,2
StegaStamp:,1
Stereo:,1
StereoDRNet:,1
Stereoscopic,5
Stochasticity,1
Story-Based,1
Strand-Accurate,1
Structure-And-Motion-Aware,1
Structure-Guided,1
Structures,9
StyleNet:,1
Sublabel-Accurate,1
Submodular,2
Subpixel,1
Substrings,1
Super-FAN:,1
Supervising,1
Supervisory,1
Surfacing,1
Switch,1
Symbolic,1
Symmetric,7
Symmetry,7
Synchronizing,1
Synthesize,2
T-Net:,1
Tactical,1
Tags2Parts:,1
TailorNet:,1
Tangent,2
Task-Driven,1
Task-Focused,1
Task-Free,1
Task-Relevant,1
Teacher-Recommended,1
Teacher-Student,2
Techniques,5
Temporally,5
Temporally-Deformable,1
Text,57
Text-Based,2
Theoretically,1
There:,1
Things:,1
Thumbnails,1
Tie-Aware,1
Time:,1
Timestamp,1
ToF,1
Tomato:,1
TomoFluid:,1
Topology-Aware,1
Toroidal,1
TraVeLGAN:,1
Tracklets,1
Trade-Off,1
Trade-Offs,1
Traffic,5
TransGaGa:,1
TransMatch:,1
Transferred:,1
Transformation-Grounded,1
Transient,2
Tri-Factorization,1
Truncated,2
TuNAS,1
Tubes,1
Two,9
Two-Dimensional,1
Two-Point,1
Typed,1
Ultra-Robust,1
Unannotated,1
Unbiased,6
Underexposed,1
Unfamiliar,2
Unifying,9
Uninformed,1
Unity,1
Unordered,1
Unseen,9
Update,1
Upgrade,1
V2V-PoseNet:,1
VITAL:,1
VLAD3:,1
VRSTC:,1
VSGNet:,1
Variability,1
Variable,5
Variant,3
Varicolored,1
Vectorized,1
Vehicles,7
Veritatem,1
Vesicles,1
View,35
View-Aware,1
Virality,1
Visibility-Aware,1
Visually-Grounded,1
Visuomotor,1
VizWiz,1
Volume-Guided,1
Voxels,3
WIDER,1
WSISA:,1
Watchable,1
Watching:,1
Watermarks,1
WaveletStereo:,1
Wearers,1
Weight,9
Whey:,1
Wider,1
Wing,1
Wish,1
Yield,2
Zero,6
Zero-Shot,62
l1-l0,1
unfold,1
à,1
“Learning-Compression”,1
(ST-NBNN),1
(but,1
1000-Class,1
A-Fast-RCNN:,1
ADMM:,1
AET,1
AIRD:,1
AP-Loss,1
APDrawingGAN:,1
Accelerated,1
ActionBytes:,1
ActiveMoCap:,1
AdaScan:,1
Adapting,6
Additive,3
Adjacency,1
Aesthetic,1
Affine,5
Affordance,3
Agent-Centric,1
Algorithm,17
Alignment:,3
Alternating,2
Alternating-Stereo,1
Analysis,54
Analytical,1
Analyzing,8
And-Or,1
Angular,2
Anisotropy,1
Annotating,1
Anticipating,3
ApolloCar3D:,1
Arbitrarily-Oriented,1
Architectures,14
Areas,2
Argoverse:,1
Articulation-Aware,1
Ask,1
Atomic,1
Attention-Based,4
Attentional,10
Attractive,1
Attribution,5
Audio,3
Audiovisual,2
Authentication,2
Authorship,1
Auto-Augmentation,1
Auto-DeepLab:,1
Autoregression,1
AvatarMe:,1
Away,1
Awesome,1
BANet:,1
BORDER:,1
BRDF,3
Background-Bias,1
Backtracking,2
Backward,2
Balancing:,1
Base-Structure,1
Bases,1
Basic,1
Beam,2
Beard,1
Behind,3
Biased,4
BidNet:,1
Big,2
Bilingual,1
Bin,1
Biomedical,4
Bird's,1
Block-Wisely,1
Bounded,2
Brain:,1
Breast,1
Budgeted,1
Burst,3
C2FNAS:,1
CAD,3
CAM-Convs:,1
CLIP-Q:,1
CNN-SLAM:,1
CRAVES:,1
CT,6
Camera,62
Candidates,1
Capability,1
Cartoonize,1
Cascade,9
Changes,2
Channels,3
Character,2
Chebyshev,1
Child's,1
Children,1
City-Scale,1
Class-Specific,1
Classical,1
Classification-Driven,1
ClcNet:,1
Clique,1
Closed,1
Clothed,3
Co-Generate,1
Co-Occurrence,4
Co-Referenced,1
Co-Tracking,1
Coarse,2
Color-Based,1
Combination,1
Combinations,1
Communication,2
Community,1
Compaction,1
Compass,1
Complemental,1
Completion,37
Completion:,2
Components,3
Compositionality,1
Compressible,2
Compressive,4
Condition,1
Confidence,10
Confidence-Weighted,1
Configurations,1
Conquer,2
Consistent-Aware,1
Content-Sensitive,2
Context-Reinforced,1
Contextual,14
Controllable,11
Conventional,1
Conversion,1
Cooking,3
Cooperative,1
Coordinate-Based,1
Correcting,1
Correspondences,18
Cost-Sensitive,2
Coupled,6
Cover,1
CoverNet:,1
Crafting,1
Creation,1
Crisp,1
Cropping:,1
Cross-Batch,1
Cross-Classification,1
Cross-Entropy,1
Cross-ID,1
Cross-Population,1
Cross-domain,1
Crowd,25
Cubes:,1
Curls,1
Curved,2
Cutting-Agent,1
Cycle-Consistency,3
Cycle-Inconsistency,1
DAG-Recurrent,1
DLWL:,1
DMC-Net:,1
DMCP:,1
DOPE:,1
Data-Free,4
Dataless,1
Day:,1
De-Raining,2
DeLay:,1
DeMoN:,1
Decision,8
Declines,1
Decoder,7
Decomposition,31
Decompression,1
Deconvolution,8
Decorrelated,2
DeepCAMP:,1
DeepCut:,1
DeepDeform:,1
DeepLPF:,1
DeepLiDAR:,1
DeepNav:,1
DeepStereo:,1
Deeper,10
Deeply,3
Definite,1
Defocus,8
Degree,1
Delay,1
Denoiser,2
DenseFusion:,1
Depth-Based,4
Detail-Preserving,2
Detect,11
Diagrams,1
Differ,1
Differentiable,20
Differentiated,1
Difficulty,2
Diffusion-Embedding,1
Direction:,1
Directionally,1
Discovering,11
Discriminative,52
Discriminator,4
Dish,1
Displacement,3
Distilled,2
DisturbLabel:,1
Diversified,2
Divide-and-Conquer,1
Dog,1
Domain-adversarial,1
Double,2
Douglas-Rachford,1
Dreaming,1
DrivingStereo:,1
DuDoRNet:,1
Dual-GAN,1
DynTypo:,1
ENvironment,1
EPOS:,1
Ecological,1
Ecologically-Inspired,1
Effectiveness,2
Ego-Topo:,1
Egomotion,1
Elimination,2
EmotioNet:,1
Encoded,5
Encoder-Decoder,6
Encoders,2
Encryption,1
Engaging,1
Estimating,13
Event-Based,12
Events:,1
Exceed:,1
Expansion:,1
Expecting,1
Experts,2
Explained,1
Explore,1
Extended,2
Extremely,4
Eyeglass,1
FFTLasso:,1
Facade,1
Face-And-Head,1
Face-to-Face,1
Fake,2
Fast(er),1
FickleNet:,1
Filling,2
Finetuning,1
Fingerprinting,1
Fixation,3
Fixed-Point,2
Flies:,1
Flow:,6
Fly,1
Focal-Length,1
FocalMix:,1
Focus:,1
Fool,1
Fooling,2
Forces,4
Foreground,2
Forensic,1
Free-Viewpoint,1
Frequency,4
Fried,1
Frozen,1
Full-Resolution,2
Functionality,1
Functions,14
Furious:,1
G2DeNet:,1
GANs:,1
GFrames:,1
GSPN:,1
Gain,1
GameGAN,1
Garden,1
Gaussian,23
Generalizable,2
Generalizing,4
Generate,7
Genome:,1
Geo-CNN,1
Geolocalization,1
Geometric,33
Geometry-Consistent,1
Getting,1
Gigapixel-Level,1
Globally:,1
Gram,1
Grasp,2
Grassmannian,3
Green,1
Grow-Trim,1
Guarantees,2
Guided,52
Guiding,1
Gumbel,1
H+O:,1
HDR,2
Hands,8
Hashing:,1
Head,8
Helps,1
Hiding,1
High-Confidence,1
High-Dimensional,2
Histograms,1
Histological,1
Human-To-Vehicle,1
Hunting:,1
Hyperspherical,1
IQA:,1
IRINA:,1
Illuminance,1
Illuminants,1
Illumination:,1
Image-Error,1
Image-Image,1
Image-Phrase,1
Images:,2
Imaginary,1
Imaging,33
Imbalanced,4
Imitation,4
Imitative-Contrastive,1
Impact,1
Implanting,1
Important:,1
Imposters,1
Imprinted,1
Improved,17
Imputation,5
Inducing,2
Inextensible,1
Information,37
Informative,3
Inpainting,18
Insights,1
Inspection,1
Instance-Specific,1
Instantiated,1
Instruction,1
Intelligent,3
Intentions,1
Interaction-And-Propagation,1
Interleaved,1
Interpret,1
Intersecting,1
Interspecies,1
Intracranial,1
Intrinsic,18
Intrinsics,2
Introspective,1
Intuitive,1
InverseRenderNet:,1
Inverted,1
Iris,1
Isotropic,1
Iterative,35
Iteratively-Refined,1
Jigsaw,5
Justifying,1
KB,1
Kernel,25
Key-Pose-Motifs,1
Key:,1
Knowing,2
Kronecker-Factored,2
L3-Net:,1
LASSO,1
LEGO:,1
LSM:,1
LSTM:,1
LVIS:,1
Label-Set,1
Lagrangean,2
Landmarks',1
Laplacian-Uniform,1
Large,40
Latency-Aware,1
Lattice,3
Layer,10
Layers:,1
Layout-Graph,1
Leaf,1
Lean,3
Learner,1
Learning,1028
Learning-Based,5
Lens,1
Lenticular,1
Libra,1
Lifelong,2
Lifted,2
Lighthouse:,1
Limited,7
Lines,6
Localisation,3
Localization,76
Localization:,1
Location,7
Lock-Free,1
Longterm,1
Lossy,3
Lovász-Softmax,1
Low-Level,2
Low-Light,5
Low-Resolution,2
Luke!,1
Lymph,1
M3:,1
MARS:,1
MRF,1
MSR-VTT:,1
MVF-Net:,1
Machines,7
Magnitudes,1
Mahalanobis,1
Makes,2
Mammograms,1
Manipulated,1
Map,30
Marginalizing,1
Marking,1
Masked,2
Match,7
Matches,1
Material-Aware,1
Matter:,1
Mean,4
Measurement,2
Membrane,1
Memorizing,1
Memory-Guided,1
Mesoscopic,1
Messaging,1
Method,25
Methods,9
Metrics,3
Minify,1
Mixture,17
MobileNet,1
Model,128
Model-Agnostic,1
Model-Inversion,1
Modelling,4
Models:,3
Monocular,67
Monte-Carlo,1
Motion-Blurred,1
MotionNet:,1
Multi,2
Multi-Body,1
Multi-Condition,1
Multi-Frequency,1
Multi-Graph,2
Multi-Image,1
Multi-Metric,2
Multi-Person,16
Multi-Source,3
Multi-Step,1
Multi-Stream,3
Multi-Stroke,1
Multi-Value,1
Multi-Way,1
Multi-scale,1
MultiCut,1
Multilabel,1
Multimodal,38
Multiresolution,2
Multiviews,1
Muscles,1
NAG:,1
NIR-VIS,1
Naive-Bayes,1
Narrative,2
Near,2
NestedNet:,1
Net2Vec:,1
NetVLAD:,1
Networks?,1
New,22
Noise-Aware,2
Noises,1
Non-Line-of-Sight,5
Non-Local,13
Nonlinear,6
Norm-Aware,1
Now?,1
Nuclear,3
Number,1
OLÉ:,1
Obfuscation,1
Objects:,2
Oblique,2
Observation,1
Observation-to-Action,1
Occluders,1
Off-the-Shelf,1
On-Demand,1
Ones,1
Open-Vocabulary,1
Optically,1
Optics,2
Optimality,3
Optimized-Flexible,1
Order,10
Organ,2
Outfit,1
Outliers,2
Overcome,1
Overfitting,1
Overhead,3
Overlapping,2
P-Memory,1
P-Values,1
PF-Net:,1
PMS-Net:,1
PV-RCNN:,1
PWC-Net:,1
Pain,1
PairedCycleGAN:,1
Pairwise,14
Pano,1
Panoptic,14
Panoptic-Based,1
Panoramic,2
Paris:,1
Part-Relation,1
PartNet:,2
Particle,1
Patch-Hierarchical,1
PatchBatch:,1
Pattern-Structure,1
Pearls,1
Pedestrian,20
Penalty,1
People:,2
Persistent,1
Perspective,15
Perspective-Three-Point,1
Phase,2
Photographic,2
PhysGAN:,1
Physics-Guided,1
Piece-Wise,2
Piloting,1
Pix3D:,1
Pixels,7
Plant,1
Platform-Aware,2
Play:,1
Plenoptic,1
Plug,2
Plug?,1
Point-Based,2
Point-Pair,1
Point-to-Box,1
PointGMM:,1
PointPainting:,1
PolarNet:,1
Polarising,1
Pooling,24
Pooling-Based,1
PoseFlow:,1
Pre-Training,3
Predictive-Corrective,1
Primal-Dual,1
Principle,1
Prior,31
Procedural,2
Propagate,1
Proposal,19
Propose,1
Protection,2
Protocol,2
Proximal,2
Pruning:,2
PuppeteerGAN:,1
Pursuing,1
Puzzle,1
Pyramid,30
QEBA:,1
Quadratic,3
Query-Guided,1
Question,56
R-CNN:,5
RANSAC-Based,1
RES-PCA:,1
REasoning,1
RGB,15
RGB(r)D,1
RGBD,10
RIFD-CNN:,1
RMP-SNN:,1
ROI,1
RPM-Net:,1
RandLA-Net:,1
Randomly,1
Ray-Space,1
RayNet:,1
Re-Localization,1
Re-Sign:,1
Real-Noise,1
Reap,1
Recognition:,4
Recommendations,1
Reconsolidation,1
Reconstruct,2
Reconstructability,1
Reconstruction,118
Reconstructions,9
Rectified,1
Recurrent,68
Redirection,1
Refine,2
Reflectors,1
Regional,2
Registration:,2
Regressions,3
Regular,2
Related,1
Relationship-Based,1
Relationships,8
Removal,29
Rendering:,1
Reports,1
Representing,1
Reproducing,1
Reprojections,1
Residual-Aware,1
Residuals,2
Resolution,16
Resolve,1
Resource-Constrained,2
RetinaFace:,1
RetinaTrack:,1
Retrace,1
Revised,1
Revisited:,3
Reward,3
RiFeGAN:,1
Ridge,1
Robotic,2
Robustifying,3
Rotation-Sensitive,1
Rotational,1
Rotoscoping,1
S2F:,1
S3Pool:,1
SAINT:,1
SAL:,1
SFM,1
SGAS:,1
SNIP,1
SPAtial,1
SPFTN:,1
SR-LSTM:,1
SST:,1
STAViS:,1
STGAN:,1
SYNTHIA,1
Sample,13
Satellite,2
Scale-Time,1
Scanner,1
Scene-Specific,1
Scratch,2
Screen,1
Scribble,1
Scribbler:,1
Searching,7
Second-Order,4
Seconds,1
Seed,1
Selective,17
Self-Attention,9
Self-Correcting,1
Self-Critical,2
Self-supervised,1
Semantics-Preserving,1
Semi-Global,1
Sensing,7
Sensing:,1
Sensor,8
Sentences,2
Sentinel,1
Sequences:,2
Sequential,15
Server:,1
Set,26
Severity-Aware,1
Shape-Aware,1
Shape2Motion:,1
Short,2
Siamese,15
Sibling,1
Sidewalk,1
Signals,6
Silhouette-Based,1
Silicon,1
Simpler,1
Simulate,2
Simulating,2
Single-Side,1
Sixth,1
Skeletal,1
Skeleton,7
Sketch-Aware,1
Sketch-BERT:,1
SketchMate:,1
Sky:,1
Smoothness,1
Snippet:,1
Solid,1
Solutions,3
Sound:,1
Spatially-Coherent,1
Specifications,1
Speed,1
Spheres:,1
Spinning,1
Spot,2
Spotless,1
Spreading,1
Stability,2
Staged,1
Standing,1
State,3
Steady,1
Stealing,2
Steerable,2
Stochastic,17
Stories,1
Story,3
Streams,2
Structurally,2
Structure-Adaptive,1
Structure-Preserving,4
Structure:,1
Student,2
Study,8
StyleGAN,2
StyleRig:,1
Stylized,1
Sub-Questions,1
Super-BPD:,1
Super-Resolution,57
Superpixel-Based,1
Supervision,35
Synthesize?,1
Syzygy-Based,1
Tags,1
Tanh-Warping,1
Task-Aware,3
Task-Oriented,1
Taskonomy:,1
Tasks?,1
Teacher,3
Template,5
Temporal-Consistency,1
Text-To-Image,4
Textual,5
Texture,34
TextureNet:,1
Thermal,3
Thoracic,1
Thorax,2
Three,2
Through-Wall,1
Time-of-Flight,1
Time/Memory-Efficient,1
Tiny,2
Tooth,1
Top-Down,10
Topic-Related,1
Topological,2
Toward,12
TraPHic:,1
Tracing,4
Tradeoff,2
Trainable,3
Transfer,99
Transitivity,1
Translations,1
Transparent,7
Traversal,2
Treasures,1
Trees,5
Trellis,1
Trifocal,1
Triply,1
Trouble,1
Tubelets,1
Twice:,1
Two-Stream,6
Twofold,1
Typography,1
UnOS:,1
Unconstrained,10
Uncovering,1
Underapproximation,1
Undersampled,2
Understand,2
Unexpected:,1
Unified,28
Unimodal,1
Union,2
Unit-Norm,1
Unitizing,1
Universal,19
Unlabelled,3
Unveil,1
Updated,1
Updates,1
Urban,10
User-Guided,1
VAE,3
VITAMIN-E:,1
Value,3
Variations,3
Versa,1
Versatile,3
Vertical,1
Video-Clip,1
View-Specific,1
Viewpoint-Aware,2
Viraliency:,1
Visible,4
Vision-and-Language,2
Visual-Linguistic,1
Visualizations,1
Voxel-Based,1
Voxel-Wise,1
W2F:,1
Walker,1
Watermarking,1
Wavelet-Based,1
Wearable,1
Web,12
Webly,6
Wetness,1
Where's,1
Whitening-And-Coloring,1
Wide-Area,1
Wide-Context,1
Wine,1
Within,1
Word,5
Words,4
X-Rays,2
YouTube-BoundingBoxes:,1
Zero-,2
Zero-Assignment,1
Zero-Pair,1
Zero-Reference,1
ZeroQ:,1
Zooming,2
calibration,1
d-SNE:,1
hand-eye,1
iCaRL:,1
shapes,1
v2:,1
xMUDA:,1
­,1
“Zero-Shot”,1
(HINTS),1
(NeuMATCH),1
--,6
10x,1
1D,1
2D,22
2D-3D,4
360deg,4
360°,5
3DSSD:,1
6-DoF,1
6DoF,2
A2-RL:,1
AANet:,2
AE2-Nets:,1
ARCH:,1
Accelerating,2
Actor-Action,3
AdaCoSeg:,1
Adapt:,3
Adverbs,1
AdversarialNAS:,1
Adversary,2
Aging,4
Agreement:,1
Aligned,5
Alignment,46
Alignments,1
Along,1
Ambiguities,1
Anchor,3
Anchor's,1
Anchor-Free,3
AnchorNet:,1
Anchors,2
AnimalWeb:,1
Animating,2
Annotated,2
Annotator,1
Anomalies,1
Anything:,1
Aperture,2
Appearances,2
Approximating,2
Artifact,1
Artifacts,2
Aspect,1
Assessment,16
Assisted,4
Attending,1
Attention,116
Attention-Controlled,1
Attention-RPN,1
AttnGAN:,1
Attribute,24
Attribute-Based,1
Auto-Encoder,5
AutoAugment:,1
Autofocus,1
Auxiliary,10
Averaging,6
Axially-Symmetric,1
B-Spline,2
BFBox:,1
BRDF-Invariant,1
Back,5
Back-Projection,2
Background,10
Backprop,1
Backpropagation,2
Beak,1
Belief,3
Better?,2
Bi-Directional,6
Bi-Projection,1
Biologically-Constrained,1
Birds,1
Birkhoff,1
Bit-Flip,1
Block,3
Bokeh,1
Boundary-Aware,6
Boundary-Based,1
Bounds,1
Branch,2
Budget-Aware,2
Building-Scale,1
CBMV:,1
CCA,1
CGANs,1
CLKN:,1
CNNs,36
CNNs:,3
CP-mtML:,1
CRF,3
CRFs,3
CVM-Net:,1
Calibre,1
Camera-Disentangled,1
Can't,1
Capacity,1
Capsule,5
Captioning,60
Cardinality-Based,1
Carlo,2
Cartoon,1
CartoonGAN:,1
Cascaded,26
Category,4
Cauchy,1
CenterMask:,2
Centrifuge:,1
Certifiably,3
Changing,2
Chord,1
Class-Attribute,1
Classifiers,10
Classifying,1
CleanNet:,1
Cloth,3
Clouds,43
Clusters,3
Co-Salient,1
Cogradient,1
Color,24
ColorFool:,1
Colored,1
ComDefend:,1
Commonsense,2
Complementarity-Aware,1
Composing,2
Composite,3
Compositing,4
Composition,7
Comprehension-Guided,1
Computing,4
Concepts,8
Cone,2
Connect-and-Slice:,1
Connected,5
Connecting,4
Constant,2
Construction,1
Contact,3
Content,9
Context-Focused,1
Context:,3
Contiguous,2
Contour-Aware,1
Contrast:,1
Cops-Ref:,1
Correlating,1
Correlations,3
Corrupted,2
Creativity:,1
Crisis,1
Cross-Modality,8
Crowd-Sourced,1
Crowdsourced,2
Cues,7
CurricularFace:,1
CvxNet:,1
CycleISP:,1
DARNet:,1
DIST:,1
DNN-Oriented,1
DSGN:,1
DUST:,1
Data-Driven,2
Datasets,11
Dawn:,1
Decaptioning,1
Decoding,4
Decontamination,1
Decoration,1
Decoupling,4
Deep,577
Deep-Image-Priors,1
DeepCO3:,1
DeepFLASH:,1
DeepVoting:,1
Deflection,1
Delving,3
DensePose:,2
DenseReg:,1
Densely-Cooperative,1
Densities,1
Dependent,2
Depth-Dependent,1
Depthwise,2
Deraining,7
Dermatologist,1
Describe,1
Design:,1
Detach,1
Detail-Sensitive,1
Detecting,18
Determinant,1
Dictionary,7
Digitization,1
Dilated,7
Dimensionality's,1
Discriminant,2
Discriminating,1
Disparity,9
Dissection:,1
Dissimilarity,1
Distinct,1
Distraction-Aware,1
Distribution,23
Distributional,1
Div,1
Divergence,2
Domain-Specific,3
Domain-Symmetric,1
Dressing,1
Driving,26
Driving:,1
DropIn,1
Dual,22
Dual-Order,1
Duality,4
Dummy,1
Duplex,1
Dusk,1
Dynamic-Structured,1
ECO:,1
ENSEI:,1
Early,4
Effective,15
Efficient,124
Effort,1
Elastic,4
Electric,1
Ellipses,1
Embedded,6
Emotion-Aware,1
Encoding:,1
End-To-End,33
End?,1
Energy-Aware,1
Energy-Based,3
Ensembles,1
Entity-Aware,2
Envelope,1
Equivariant,6
Erasing,4
Erasing:,1
Error-Correcting,1
Essential,2
EventSR:,1
Everyday,5
Everywhere,2
Exact,4
Exact-PGA,1
Excitation,3
Exhaustive,1
Existing,1
Expanding,1
Explainable,3
Extrapolating,1
Extreme,11
FBNetV2:,1
FPS,1
FRAME,1
FSRNet:,1
Face2Face:,1
Facelet-Bank,1
Factorized,4
Fairness,2
Fantastic,1
Far,2
Fashion,12
FastDVDnet:,1
Faster,7
Feature-Whitening,1
FeatureFlow:,1
Feel:,1
Fictitious,1
Fiducials,1
Figure/Ground,1
Fine-grained,1
FineGAN:,1
Fisheye,1
Fixations,2
Floating,1
Floats:,1
Flow-Guided,1
Fluorescence,1
Focal,5
Focus,7
Font,2
Food,3
Forests,3
Four,1
Four-Stage,1
Frame-Rate,1
Frame-Recurrent,1
Functions:,1
Fusion-Aware,1
Fuzzy,1
GANs,21
GCN:,1
GHUML:,1
GLU-Net:,1
GPS,1
Gap,8
Gated,9
Gather-Vector,1
Generic,5
Geospatial,2
Gestalt,1
GhostNet:,1
Gibson,1
Glass,2
Glaucoma,1
Glove:,1
Goes,1
GoogLeNet-Level,1
Gotta,1
Grafting,1
Grammar,3
Graph,110
Grids,1
Ground-Plane,1
Grounding:,1
Grouped,2
Groups,6
Groupwise,2
Guidewire,1
HAMBox:,1
HAQ:,1
Halle,1
Hallucinate,1
Hallucination,8
Hand-Gesture,1
Hardware-Efficient,1
Harmonized,1
HashGAN:,1
Heads,1
Height-Driven,1
Helps:,1
Heteroscedastic,1
Hierarchical,73
Highway,2
Homography,3
Huge,1
Humans:,2
Humor,2
Hyper-Laplacian,1
Hypotheses,2
INaturalist,1
Identity-Preserving,1
Im2Pano3D:,1
Image2StyleGAN++:,1
ImageNet,3
ImageNet?,1
Images?,1
Imagine,1
Implicit,13
Important,5
Improperly,1
In-Place,1
In-the-Wild,4
Incident,1
Incorrect,1
Indicated,1
Individuating,1
Information-Based,1
Init:,1
Instance-Aware,5
InstanceCut:,1
Instructional,6
Instructions,2
Insufficient,1
Interactions,16
Interactiveness,1
Internet,3
Interpretable,10
Intertwined,1
Intra-Class,1
Inverse,18
Involvement,1
IoU,1
Isometric,1
KE-GAN:,1
KIPPI:,1
Kalman,1
Keyword,1
Kinetics,1
Know,2
Knowledge,57
LAMV:,1
LO-Net:,1
LT-Net:,1
Lasso,1
Layered,4
Learn,22
Learnings,1
LiFF:,1
Light-Cone,1
Lights,2
Litmus,1
LocNet:,1
Locally,7
Locating,1
Log-Logistic,1
Logits,1
Looking,5
Lossless,2
Low-Rank,18
M2m:,1
MAD,1
MAGSAC:,1
MBS:,1
MEBOW:,1
MMTM:,1
MTL-NAS:,1
MVTec,1
Machine,6
Maintaining,1
ManiGAN:,1
Manifold,22
Manifolds,8
MaskFlownet:,1
Massively,1
Material,8
Materials,1
Matting,8
Maximisation,2
McFlow:,1
Mean-Field,1
Measure,6
MemNAS:,1
Memory-Augmented,3
Memory-Optimized,1
MeshAdv:,1
Meta-learning,1
MetaFuse:,1
Microphysics,1
Microscopic,2
Mid-Level,1
Migrating,1
Mini-Loop,1
Minima,1
Minimum,4
Mining,21
Minkowski,1
Misinformation,1
Mistakes,1
Misty,1
Mitigate,2
Mixed-Integer,1
Mixup,1
MobileNets,1
Model-Blind,1
Model:,1
Models?,1
Moments,3
Monocentric,1
Moral,1
Mostly,1
Motion-Guided,1
Motion:,2
Multi-Adversarial,1
Multi-Class,5
Multi-Content,1
Multi-Context,2
Multi-Domain,8
Multi-Duration,1
Multi-Evidence,1
Multi-Feature,1
Multi-Granularity,2
Multi-Grid,1
Multi-Loss,1
Multi-Modality,2
Multi-Plane,1
Multi-Reference,1
Multi-Region,1
Multi-Resolution,3
Multi-Sequence,1
Multi-Task,25
Multilinear,3
Multiscale,3
Multistage,1
Multivariate,2
Music,1
Mysteries,1
NID-SLAM:,1
Narratives,1
Nearest,6
Necessary,1
Need:,1
Neighbour,1
Neighbours:,1
NestedVAE:,1
Nets,6
Newton-Type,1
Next,1
Nighttime,1
Noise-Blind,2
Non-Adversarial,2
Non-Uniform,1
Norm,5
Normals,3
Normals:,1
OccuSeg:,1
Octree,1
Odd-One-Out,1
Offline,1
OpenCL,1
Optimization-Based,1
Optimization:,1
Order-Preserving,2
Ordered,1
Organization,1
Out-In-Channel,1
Outdoor,8
Outputs,3
Outside,2
P-nets:,1
PEPSI,1
PIEs:,1
PIXOR:,1
PSyCo:,1
Padding,1
Paired,4
Pairs,4
Panning,1
Parallelism,1
Parametric,8
Parametrizing,1
Parser,1
Part-Based,4
Part-Level,2
Partial,18
Particulate,1
Passive,1
Path-Invariant,1
Paths,6
Pattern-Affinitive,1
Penalization,1
Perceive,1
Person,126
Photons,1
Physical-World,2
Physically,2
Pictures,1
Piecewise-Planar,1
Pipelines:,1
Pixel-Aligned,1
Planar,3
Planner-Centric,1
Play,5
Pluralistic,1
PointASNL:,1
PointFusion:,1
Pointing,2
Polygonal,2
Polytope,1
Pop-Up:,1
Pose-Robust,1
Pose2Seg:,1
Poses,11
Posing,1
Position,2
Posterior,3
Potentials,2
Precise,3
Predictions,7
Present,1
Private,3
Probably,1
Programmatic,1
Programs,2
Progress,1
Project,1
Projector-Camera,1
Pseudo-Supervision,1
Push,1
Quantization:,1
Quasi-Newton,1
Query-Efficient,1
Question:,1
R-CNN,9
RANSAC,4
RL-GAN-Net:,1
RNNs,3
ROI-10D:,1
Ratio:,1
Re-Ranking,3
ReDA:Reinforced,1
ReLU,1
Really,2
Rebalancing,1
Reciprocal,1
Recombination,1
Reduce,1
Reference-Aided,1
Reference-Aware,1
Referential,1
Refining,6
Reflectance,7
Regress,1
RegularFace:,1
Regularisation,1
Regularizing,11
Relation,18
Relations,7
Relative,16
Relevant/Irrelevant,1
Removal:,1
Renyi's,1
Repetition,4
Replace,1
Reporting,2
Representatives,1
Reproduce,1
Repulsion,1
Resampling,2
Rest:,1
Retargeted,1
Retargeting,3
Retina-Like,1
Reusing,1
Reveals,1
Right,5
Ring,3
Road-Driving,1
RoutedFusion:,1
SDF,1
SEAN:,1
SGM-Nets:,1
SLAM,8
SPM-Tracker:,1
Saliency:,3
Sample-Specific,1
Scale-Editing,1
Scale-Permuted,1
Scale-Recurrent,1
Scanning,2
Scans,11
Score,5
Search?,1
SeedNet:,1
Segment:,1
Segmentation-Driven,1
Select,5
Self,4
Self-Calibration-Based,1
Self-Contained,1
Self-Mutual,1
Self-Similarity,3
Semantics,12
Semi-Calibrated,2
Semi-Parametric,2
Sensitivity,3
Separable,4
Separating,4
Seq2Seq,1
Sequence-Level,1
Sequences,14
Series-Parallel,1
Set-Constrained,1
SfM,1
Shape,137
Shape:,1
ShapeNet,1
ShieldNets:,1
SiamCAR:,1
Side-output,1
Sight,2
Sign,7
Similar,3
Similarity-Aware,1
Simplifying,2
SimulCap,1
Single-Class,1
Singling-Out,1
Singular,2
Situations,2
SketchGAN:,1
Sketched,1
Sketchformer:,1
Sketching:,1
SketchyCOCO:,1
Slim,1
Slow-Mo:,1
Small-Piece,1
Smile,2
Smoothing,5
Snapshot,3
Snippet-Similarity,1
Social-IQ:,1
Socially,1
Soft,6
Sources,2
Space-Time,1
Sparseness,1
Sparsity-Enforced,1
Spatial,47
Spatially-Consistent,1
Species,1
Spectral,13
Spectrum,1
Sphere,2
SpineNet:,1
SplineCNN:,1
Split-Brain,1
Spot...,1
Spotting,5
Spurious,1
Stationary,1
Steady-State,1
Stereopsis,1
Street-Level,2
Street-View,1
Stretch,1
Structure-From-Motion:,1
Structure-from-Motion,1
Students:,1
Style-Attentional,1
Stylised,1
Stylization-Based,1
Sub-Pixel,1
Subitizing,1
Subjective,1
Submanifolds,1
Subspace,22
Substitute,1
Sum-of-Squares,1
Supernet,1
Supervised,95
Supplementary,1
Synchronization,4
Syntax-Aware,1
TGIF:,1
TI-Pooling:,1
Tail,2
Talk,1
Talking,3
Tangent-Normal,1
Tell,4
Text-Image,1
Texts,2
Thickness,1
Thing,2
Thrifty,1
Tightness-Aware,1
Time-Varying,1
Topic,1
Trace-Norm,1
Tracker,7
Tracker:,1
Tracking,122
Trajectories,7
Transferable,10
Transferrable,3
Transform,10
Transformations,10
Transitions,1
Translate-to-Recognize,1
Translation,38
Triangle,2
Triple-Stream,1
Trojan,1
TubeTK:,1
Tuberculosis,1
Two-Step,2
UV,1
UV-GAN:,1
Ubernet:,1
Ultra-Aggregation,1
Unambiguous,2
Uncertainty-Guided,1
Undetermined,1
Unfolding,3
UniPose:,1
Union:,1
Unknown,12
Unreasonable,1
Unrolling,3
Unscripted,1
UntrimmedNets,1
Unveiling,1
Upsampling,4
Useful,1
Using,288
Utility:,1
VITON:,1
VLAD,1
Valued,1
Variables,1
Variation-Structured,1
Varifolds,1
Viewpoints,3
Vision,33
Vision-Based,3
Vision-and-Langauge,1
Vision:,1
Visualizing,2
Voice,1
Volume,9
Volumes,2
Volumetric,13
VoteNet,1
Wally,1
Warp,2
Wealthy:,1
Weighted,10
Whitening,2
Window,1
World's,1
Wrist-Mounted,1
Wrong,1
X3D:,1
ZSTAD:,1
Zoom,5
guided,1
learning,1
nuScenes:,1
'Em,1
(EDnCNN),1
(MPA),1
+,2
10,2
2-Way,1
2500FPS:,1
2D/3D,3
2D:,1
3D:,1
8-Point,1
ACNe:,1
AD,1
AD-Cluster:,1
ALFRED:,1
AON:,1
Abstract,3
Action,155
Actionness,1
Activated,1
Activeness,1
Actor,3
Actor-Transformers,1
AdaFrame:,1
AdaGraph:,1
Adversarial,211
Adversarial-Attention,1
Aerial,13
Aesthetics,6
Agent,5
Algebraic,2
Align,2
Amalgamation,2
Ambiguity,3
Amodal,5
Analogy,1
Analogy:,1
Analytic,1
Anchor-Based,2
Animal,2
Animation:,1
Annotators,1
Answer-Type,1
Anticipation,3
Applied,2
Applying,2
Approximate,8
Arbitrary,15
ArcFace:,1
Arrays,1
Art2Real:,1
Assistance,1
Associate-3Ddet:,1
Associating,1
Association,6
Asymmetric,8
At?,1
Atlas,1
Attack:,1
Attacker,1
Attacks?,1
Attraction,1
Attribute-Aware,1
Attribute-Decomposed,1
Augmentation,18
Autoencoders,14
Averaged,1
Axis,2
BIND:,1
Bags,1
Balance,1
Barycentric,1
Bases:,1
Basis,3
Be?,1
Berlin:,1
Best,3
Bias,9
Bidirectional,12
Bilateral-Branch,1
Bilevel,1
Binarizing,1
Biological,2
Bipartite,2
Bipartite-Graph,1
BlendMask:,1
Blinding,1
Blocks,1
Blurred,2
Blurry,3
Bottom,1
Boundary,12
Boundary:,1
Bows,1
Bracketed,1
Bracketing,1
Bridge,3
Bridging,9
CANet:,1
CIAGAN:,1
CLUSTER:,1
CNN,44
CNN-RNN:,1
CNN:,1
COCO-Stuff:,1
CONSAC:,1
CPR-GCN:,1
Canonical,4
Caption,2
Capture:,4
Capturing,2
Cardiac,1
Category-Level,5
Certainty,1
Characterizing,1
ChestX-ray8:,1
Chips,1
Cinemagraph,1
Circular,2
Cities,1
Class-Balanced,2
Classes,6
Classification,128
Cleaner:,1
Closed-Loop,1
Closer,3
ClusterVO:,1
Co-Attentive,1
Co-Segmentation,6
CoMaL:,1
Code,2
Code:,1
CodeSLAM,1
Coded,1
Coefficient,2
Cognition:,1
Coherent,6
Collaborative,17
Colleagues,1
Colors,1
Combinatorial,6
Combine,1
Combined,1
Compact,18
Compare:,1
Compensated,1
Compliant,1
CompositionalNets,1
Conditioning,1
Constructing,2
Context-Agnostic,1
Continual,5
Continuation,1
Continuity,1
ConvNet,4
Conversing,1
Convolutions,18
Convolutions:,2
Coordinate,4
Copy-Move,1
Copying,1
Corner,3
CosFace:,1
Covariance,6
Covariant,2
CrDoCo:,1
Cross-Modal,34
Curvature,6
DA-GAN:,1
DNN,1
DNN:,1
DOA-GAN:,1
DSLR,1
Dark:,1
Darkness:,1
Data-Efficient,3
Deception,1
Decomposition-and-Enhancement,1
DeepFaceFlow:,1
DeepFashion2:,1
Defect,1
Degradation,2
Dendritic,1
Density-Aware,3
Depth,115
Depth-Attentional,1
Depth-Aware,2
Depths,2
Dequantization,1
Describing,3
Designing,6
Desnowing,1
Detail,1
Detailed,8
Details,1
Details:,2
Detangling,1
Detection-Based,1
Detection:,6
Detections,4
Detector,20
Deviations,1
Diagnostic,1
Dictionaries,1
Diffeomorphisms,1
Different,3
Dimensionality,2
Dirichlet-Net,1
Disagreements,1
Discretized,1
Discriminators,1
Disharmony,1
Dispersion,1
Distortions,2
Distributable,1
DiverseNet:,1
Diversification,2
Diversify,1
Dogs,1
Domain-Dissimilarity,1
Doodle,1
Dots:,1
Dress,1
Drift,1
Dropout:,1
Dual-Projection,1
Dual-Source,1
Duals,1
Duration,1
Dynamics,18
Edge-Conditioned,1
Edges:,1
Edit,4
Emotional,1
Enables,1
Encapsulation,1
Encoding,15
End-to-End,39
Energy-Efficient,1
Enhancements,1
Enhancer:,1
Entity-Attribute,1
Environment,2
Epipolar,5
Epipoles,1
Equalization,1
Error:,1
Eternal,1
Event,19
EventCap:,1
Every,2
Evolution,6
Example,2
Example-Guided,1
Exemplar-Based,3
Exist:,1
Explanation,2
Exterior,1
FACE:,1
FC4:,1
FCN,1
FEELVOS:,1
FML:,1
FPConv:,1
FPGA,1
Face-Focused,1
Face-Skull,1
Faced,1
Faces:,2
Factorization,6
Factors,6
FeaStNet:,1
Fill?,1
Filtering,16
Filters:,1
Fine:,1
Fitting,14
Flawless,1
FlipDial:,1
Focuses,1
Fog,2
FoldingNet:,1
Fooled,1
Forecasting,10
Fourier,7
Framework,51
Free,8
Friction,1
Frustum,1
Fully-Convolutional,2
Fusing,7
FusionSeg:,1
Fuzzy-Set,1
GAGAN:,1
GENetic,1
GIFs,1
GNN,1
GPS-Net:,1
GQA:,1
GaitPart:,1
Games,2
GanHand:,1
GaterNet,1
Gating,1
Gauss-Newton,1
Generalization,15
Generalized,27
GeoDA:,1
Geometrical,1
Geometry-Sensitive,1
Gesture,8
Gland,1
Glass:,1
Glasses,1
Goal-Directed,1
Good,9
Grader?,1
Graduated,1
Grand,1
Graph-Structured,3
Graphs:,1
Greedy,3
GreedyNAS:,1
Ground-to-Aerial,1
Group,22
HATS:,1
HKS,1
HVNet:,1
Hair,2
Hand:,1
Handles,1
Handling,6
Hardware-Aware,2
Head-Pose,1
Hearing,1
Heavy,1
Hierarchically,2
High-Fidelity,5
High-Speed,4
Higher,4
Hinge,2
Hit-Detector:,1
Human-Annotated,1
Hybrid,15
HybridPose:,1
Hyper,1
HyperSTAR:,1
Hyperbole,1
ICE-BA:,1
Identifying,5
Identity-Aware,1
Illuminant-Camera,1
Illusions,1
Image-Level,5
Image-to-Image,9
Image:,2
Immunofluorescence,1
Implementation,2
Improve,9
In-The-Wild,6
Incompatible,1
Incremental,15
Incrementally,3
Indistinguishable:,1
Inferential,1
Inferring,9
Innate,1
Inner,1
Integer-Arithmetic-Only,1
Integrated,7
Integration,4
Interactional,2
Internalizing,1
Interpolator,1
Interpreting,4
Intervals,1
IntrA:,1
Intra-,2
Intrinsic-Metric,1
Issues,1
JL-DCF:,1
JPEG-Compressed,1
K-Nearest,2
Kaleidoscopic,1
Kinematics,1
Knitwear,1
Knowledge-Embedded,1
LEARning,1
LUVLi,1
LaSOT:,1
Lagrangian,2
Landmark,15
Landmark-Guided,1
Landmarks,5
Large-Pose,1
LatentFusion:,1
Layers,7
Layout-Aware,1
Layouts,1
Learn?,1
Learning-Using,1
Least,2
Less,5
Lie,3
Life,2
Lifting,3
Lighting-Invariant,1
Likelihoods,1
Limited-Data,1
Linearity,1
Link,2
Localizing,1
Long-Tailed,8
Long-Term,4
Look,20
Low-,1
Low-Continuity,1
Low-Resource,1
Luminance,1
MISC:,1
MMFace:,1
MSeg:,1
MUREL:,1
Map:,1
Margin,6
Masking,1
Matters:,3
Max,2
Max-Sliced,1
MaxpoolNMS:,1
Measurements,4
Measuring,1
Media,2
Medial,2
MegaDepth:,1
Memorability,1
Mesh-Convolutional,1
Meshed-Memory,1
Meta-Learning,11
Method:,1
Metric,49
Min-Max,1
MineGAN:,1
Minimising,1
Mismatch,1
Mixed-Precision,1
Mixtures,2
Mode,2
Models,84
Modification,1
Modifiers:,1
Modulation,4
Momentum,2
Monochrome,1
Movie,3
Multi-Face,1
Multi-Focus,1
Multi-Form,1
Multi-Instance,3
Multi-Oriented,3
Multi-Path,4
Multicut,3
Multifactor,1
Multifunctional,1
Multiplane,2
Multiple-instance,1
Multiplexing,1
Multiverse,1
N-Step,1
NAS-FCOS:,1
Natural,23
Naturally,1
Navigation:,1
Near-Duplicate,1
Neighbors,6
Neuro-Inspired,1
Neuromorphic,3
Neuron,3
No-Flash,1
Node,2
Node-Wise,1
Non-Action,1
Non-Blind,2
Non-Differentiable,1
Non-Lambertian,2
Non-Maximum,1
Non-Rigid,20
Nonconvex,3
Normalised,1
Normalization,19
Object-Aware,3
Object-Proposal,1
Observability,1
Occluded,6
Occlusion-Net:,1
Occurrences,1
Offset,1
Omni-Supervised,1
On-Board,1
On-Boarding,1
Optimized,6
Orthogonal,5
Others:,1
Outlier,3
Outperform,1
Over-Complete,1
Overcoming,5
P2SGrad:,1
PCA,2
POSEidon:,1
PQ-NET:,1
Packing,1
Paintings,2
Panels,1
Panorama,4
Paradigm,5
Paris,1
Parsing-Based,1
Part-Aware,1
Part-Regularized,1
Partition,2
Passing,7
Pasts:,1
Pathology,1
Perception,11
Perturbations,12
Photon-Flooded,1
Physical,9
Physical-World-Resilient,1
Physics,2
Pixel,8
Pixel-Adaptive,2
Pixel-Level,3
Place,4
Playback,1
Pleasing,1
Plug-And-Play,2
Point-Set,2
Point-To-Pose,1
Point:,1
PointNet:,2
Points:,1
Polygon,1
Polyhedral,1
Polysemous,1
Pose-Guided,4
Pose-Invariant,2
Pose-Normalization,1
Pose:,3
Power,7
Predict,6
Predicting,37
Principal,5
Private-kNN:,1
ProNet:,1
Proactive,1
Probabilities,1
Probability-Driven,1
Processor,2
Program,1
Progression:,1
Progressively,3
Projective,2
Property,2
QATM:,1
Quality:,1
Quasi-Transitive,1
Query,3
Questions-Answers,1
Quotient,2
RENAS:,1
RGB-Based,1
RGB-D,35
Radial,5
Radially-Distorted,1
Rain,13
Raindrop,1
Randomness,1
Range,7
Rational,1
Ratios,2
Ray,4
Re-Identifications,1
ReD-SFA:,1
Reactions,2
Real,16
Reasoned,1
Recipe,2
Recognition,291
Recognition?,2
Recognizer,1
Recombinator,1
Recommendation,2
Recounting,1
Recovery,16
Red,2
Redefining,1
Reducing,4
Reenactment,4
Reference,7
Reference-Based,2
Reference-Guided,1
Refine:,1
Regularized,12
Relationship,16
Reliable:,1
Reorganization,1
Representation,110
Reprojection,1
Reshuffle,1
Residual,39
Resolutions,2
Response,5
Restricted,1
Retinex,2
Rid,1
Rigid,6
Rigidity,1
Rigorously,1
Roles,1
Room,5
Routing,4
Rule,1
S4Net:,1
SCATTER:,1
SCT:,1
SESS:,1
SFNet:,1
SGAN:,1
SIGNet:,1
SRN:,1
SSNet:,1
STD2P:,1
STINet:,1
SYQ:,1
Saccade,1
Saliency,35
Scales,3
Scaling,8
Scan2CAD:,1
ScanNet:,1
Scatter,2
Scene-Aware,2
Scene-Based,1
ScopeFlow:,1
ScrabbleGAN:,1
ScribbleSup:,1
SeGAN:,1
Seamless,2
Secret,1
Seeker:,1
SeerNet:,1
Segmentation-Free,2
Self-Adaptive,4
Self-Contradiction,1
Self-Learning,3
Semantic-Guided,1
Seven,1
Shape-From-Motion,2
Shape-Tailored,2
Shape-To-Image,1
Shape-Variant,1
ShapeContextNet,1
Shapes,21
Sharing,9
Shine:,1
Shoe,1
Show,3
Shutter:,1
Shutters,1
Signal-To-Noise,1
Silhouette,2
Silhouettes,4
Sim-To-Sim:,1
Similarity,30
Simulated,1
Simulation-to-Real,2
Single,138
Single-Example,1
Single-Step,1
Situational,1
Size,4
Sketch-Image,1
Sketches,3
Sky,1
Sliced,5
Smart,1
Smartphone,3
Smartphones,1
Smoothed,3
Snippet,1
SoS-RSC:,1
Sparse-to-Dense,1
Sparsifying,2
Spatial-Spectral,1
Spatially-Regularized,1
Spatio-Temporal,35
Specification,1
Speckle,2
Spectral-Spatial,1
Speech,4
Speediness,1
Split,2
Spontaneous,1
SpotTune:,1
Stabilizing,1
State-Relabeling,1
Statistical,5
Statistics-Based,1
Steganalysis,1
Stereo-Based,1
Story:,1
Strange,1
Streaming,1
Streamlined,1
Strict,1
Striking,1
Strong-Weak,1
Structure-Evolving,1
Structure-Sensitive,1
Structure-to-Texture,1
Structured-Light,1
Style-Aware,1
Style-Based,1
Summarization:,1
Summary,1
Super-Symmetric,1
Super-resolution:,1
SuperGlue:,1
Superpixel,2
Superpixel-Guided,1
Superpoint,1
Supervisions,1
Supplement,1
Suppressing,2
Surprisingly,1
SwapText:,1
Symmetries,1
Syn2Real,1
Synaptic,1
TESA:,1
TGIF-QA:,1
TRPLP,1
Tagging,2
Targeting,2
Targets,2
Task-Agnostic,2
Teaching,2
Telling,1
Template-Based,1
Temporally-Aware,1
Tensor,21
Tensorize,1
Testing,2
TetraTSDF:,1
Text-to-Image,4
Text2Scene:,1
Theory,6
Three-View,1
Thresholded,1
Tied,1
Tighter,2
Till,1
Topologies,1
Total,5
Towards,76
Trackers,2
Tracking:,2
Training,88
Trajectory,20
Transfer-Learning,1
Transferring,4
Translation-Invariant,1
Treasure:,1
Tree-Like,1
Trees:,1
Truth,1
Try-On,3
Tube,1
Tuning,1
Turn,1
Tutorial,1
Twist,1
Two-Shot,1
Two-Slit,1
Two-View,2
Two-Way,1
Typicality,1
UCTGAN:,1
Ultra-High,1
Uncertainties,1
Uncertainty,23
Undergoing,1
UniformFace:,1
Unintentional,1
Unitary,1
Unobserved,1
Unprocessing,1
Untrimmed,5
Unusual,2
Up-Convolution:,1
Urban-Scene,1
Use,4
VOLDOR:,1
VPLNet:,1
VQA:,2
Vanishing,5
Varying,3
VecRoad:,1
ViP-CNN:,1
Vibration,1
Video-Based,8
Video-Text,3
Video2GIF:,1
Viewpoint-Specific,1
Viewport,1
Violin:,1
Virtual,6
VirtualHome:,1
Visible-Infrared,1
Vision-And-Language,1
Visual,266
Visual-Inertial-Semantic,1
Visually,7
VizWiz-Priv:,1
Vocabulary-Informed,1
Voices,1
Walking,1
WarpNet:,1
Wasserstein,13
Watching,6
Wave,1
Way,1
Weighting,6
Weights,5
Wild,48
Worlds:,1
X-Ray,4
X-Rays:,1
Yang:,1
Zoom-In,1
iLab-20M:,1
images,1
least-squares,1
low-complexity,1
sRGB-JPEG,1
svBRDF,1
'Gameable',1
(SeqGROUND),1
128,1
2017,1
2D-To-3D,1
3-D,1
30fps:,1
360,3
3D-Encoder-Predictor,1
3D-ZeF:,1
6D,20
6DOF,1
A-Lamp:,1
A2dele:,1
AED:,1
AGA:,1
AMVH:,1
Accelerate,1
Acceptable,1
Accident,1
Accident),1
Accidents,1
Acoustic,1
Acquiring,1
Action-Decision,1
Activation,6
Activations,4
Active,26
Actively,2
Activities,8
Actor-Critic,1
AdaDepth:,1
Adam,1
Again:,1
Albums,2
Algorithms,8
Aligning,3
Alive,3
All!,1
Alleviation,1
Alternative,4
Anatomical,3
Anchored,1
Anisotropic,1
Annularly,1
Anomaly,9
Anonymization,1
Answer,5
Anti-Spoofing:,2
Arrows:,1
ArtTrack:,1
Arteries,1
Asking,2
Assembly,1
Assignment,2
Atlanta,1
Attention!,1
Attention-Injective,1
Attenuation,1
Audio-Aided,1
Augment,1
Augmenting,4
Auto-Encoders,1
Aware,18
Awareness,3
BAD,1
BP-Layers,1
Baseline,5
Beans,1
Bears:,1
Beginning,1
Behavior,7
Benchmark,29
Benefits,1
Between-Class,1
Bias:,2
Bilateral,4
Bimodal,2
Biometric,2
Bit-Widths,1
Bit?,1
Bits,1
Bitwise,1
Black-Box,6
Blendshapes,1
Blessing:,1
Block-Coordinate,2
Block-Wise,1
Blockout:,1
Bottlenecks,2
Box,9
BranchOut:,1
Brightness,1
Bringing,4
Budget,2
Building,7
C-Flow:,1
COIN:,1
CRAFT,1
CRRN:,1
CSC,1
CSGNet:,1
Camera:,1
Camera?,1
Cameras,24
Camouflage,1
Camouflage:,1
Cancer,2
Captioning:,2
Captions,10
Cartoonization,1
Cascades,1
Cascading,2
Catch,1
Categories,6
Category-Agnostic,1
Causality,1
Central,2
ChArUco:,1
Channel-Wise,3
Characteristic,1
Characters,1
CityPersons:,1
Cityscapes,1
Clamping,1
Class,15
Class-Wise,2
Classification-Reconstruction,1
Close,1
Clothes,3
Co-Saliency,3
Cocktail,1
Coding,13
Coloring,1
Commodity,1
Compassionately,1
Competition,1
Complex,13
Compositional,19
Compressed,7
Compressing,3
Conditions,4
Consensus,13
Consensus-Based,1
Contrastive,5
Controller,3
Controlling,5
Conversational,1
Convexity,1
Convolution:,4
Coordinating,1
Correspondence,31
Cost-Adjustable,1
Counterfactuality,1
Criteria,3
Cross-Atlas,1
Cross-Camera,1
Crossed-Slit,1
Curl,1
Curve-GCN,1
Cut,1
Cycle,7
D3:,1
DAVANet:,1
DCNN,1
DCNNs,1
DEPARA:,1
DGP-Based,1
DLOW:,1
DSNAS:,1
Damage,1
Dance,1
Database,6
Deceived,1
Decor:,1
Decoupled,4
DeepCaps:,1
DeepFashion:,1
DeepFlux,1
DeepFool:,1
DeeperForensics-1.0:,1
Defending,7
Defense,10
Degradations,2
Demonstrations,1
Denoise,1
Dependence,2
Descriptor,15
Detect-and-Track:,1
Detector:,1
Difference,4
Diminish,1
Direction,6
Directional,3
Discrete-Continuous,1
Discretely,1
Discriminability,3
Disparity-Aware,1
Distant,2
Distiller,1
Distributions,6
Diversity,14
Documentaries,1
DoveNet:,1
Drawing,3
Dual-Set,1
DualSDF:,1
Dynamically,1
ECA-Net:,1
EF-GAN:,1
EV-Gait:,1
Editing,13
Editor,1
Efficiency,3
Eigenvalue,1
Embodied,9
Energies,3
Energy,6
Enforcing,2
Engine,3
Enhanced,11
Env:,1
Estimator-Aided,1
Euclidean,3
Even,1
Everyone!,1
Evidence,4
Exemplar,7
Explicit,17
Exposure,2
Expression,22
Expressive,1
Extraction,8
Extrapolation,3
FASON:,1
FLOP,1
Facial,58
Fast-Forwarding,2
Fast-MVSNet:,1
FastMask:,1
Feature-Steered,1
Few-Label,1
Few-Shot,48
Fewer,2
Fields,27
Filter:,2
Findings,2
FineGym:,1
Floorplan,1
Flow+,1
Flow2Stereo:,1
Fluid,4
Folding,1
Forest,2
Forests:,1
Forget,4
Forgetting,7
Frame-Consistent,1
Frame-To-Frame,1
Frequency-Domain,2
Full,6
Function,12
GAN,25
GHUM,1
General,11
Generalising,1
Generative-Discriminative,1
Generator,6
GeoNet:,3
Geometry-Aware,12
Gestures,1
Gift,1
Given,1
Global-Local,6
Globally-Optimal,2
Go,1
Google,1
Gradient,17
Granularity,2
Grasping,2
Ground,6
Ground-Level,1
Group-Stack,1
GroupFace:,1
Guide,2
HRank:,1
HSA-RNN:,1
HUMBI:,1
Half-Wave,1
Hand-Crafted,2
Hand-Drawn,1
Handcrafted,1
Hard,9
Harmonious,1
Hash,2
Haze,2
Height,2
Here:,1
Hermite,1
Heuristics,1
Hidden,4
High-Dynamic-Range,1
High-Level,4
High-Performance,2
Highlight,3
Histogram,1
HoloPose:,1
Home,1
Honeybee,1
Hospital-Scale,1
Hot,1
Hours,1
Hyper-Conditioned,1
HyperDepth:,1
Hypergraphs,1
Hyperspectral,13
IDA-3D:,1
IM-Net,1
IR,1
ISTA-Net:,1
Identity,8
Illustration,2
Im2Pencil:,1
Image-Based,6
Images,154
Inaccurate,1
Independent,3
Indoor,26
Infinite,2
Infinite-Dimensional,1
Inside-Outside,2
Instance,77
Instances,5
Instructor,1
Integrating,3
Inter-Pixel,2
Inter-Region,1
InterActive:,1
Interaction,16
Interest,1
Internal,2
Intersection,3
Introspecting,1
Invariance-Driven,1
Inverting,2
Isometry,1
Iteration,1
Jerk-Aware,1
Journey;,1
Kendall's,1
Kernel-Based,1
Kernel/model,1
Kernelized,3
Kervolutional,1
Keyframes,1
Kinematic,2
L2-Net:,1
LLE-CNNs,1
LOMo:,1
LP-3DCNN:,1
LSTMs,1
Land,1
Lane,1
Large-Scale,66
Laser,1
Late,1
Layers',1
Lead,2
Length,4
Levels,1
LiDAR,8
LiDAR-Video,1
Lidar,1
Lifestyle,1
Lifting-Free,1
Limits,1
Link:,1
Linking,3
List,1
Local,65
Locality-Preserving,1
Localization-Classification-Regression,1
Locally:,1
Lofting,1
Log-Hilbert-Schmidt,1
Logistic,1
Long-Tail,2
Longer,1
Low-Rank-Sparse,1
Low-Shot,3
Lucas-Kanade,1
MCMC,2
MDNet:,1
MHP-VOS:,1
MINA:,1
MLCVNet:,1
MRF-MAP,2
MRF:,1
MRFs,3
MSER,1
Magnification,4
Major-to-Minor,1
Mammogram,1
Many”,1
Mask,8
Match:,4
Matching:,1
Matrices,6
Matter,2
Max-Margin,1
Maximum,6
Me!,1
Meaning,1
Meet,1
MegDet:,1
Memory:,1
Menagerie:,1
Message,7
Meta-Adaptation,1
Meta-SR:,1
Meta-Transfer,2
Meta-Updater,1
MetaIQA:,1
MiLeNAS:,1
Million,4
Minimal,11
Minimalist,1
Minimization,11
Mis-Ranking,1
Missing,6
Mixed-Level,1
Mixer:,1
Model-Based,2
Modeling,54
Modulated,2
Modulating,1
Monte,2
MoreFusion:,1
Motif,2
Motions,1
Movement,1
Mover's,1
Multi-Bit,1
Multi-Code,1
Multi-Column,1
Multi-Hashing,1
Multi-Label,20
Multi-Labeling,1
Multi-Modal,15
Multi-Projection,1
Multi-Proposal,1
Multi-Sensor,1
Multi-Sentence,1
Multi-Shot,3
Multi-Target,4
Multi-Tasks,1
Multiple-Scattering,1
Multiview-Consistent,1
Mutual,7
N-Spheres,1
NAS,4
NM-Net:,1
NMS,3
Narrow-Band,1
Navigate,1
Negative,4
Nets:,3
Network,424
Networks:,14
Neural,346
Newtonian,1
No-Regret,1
Noise-Tolerant,1
Noise2Void,1
Noise:,1
Non-Contact,1
Non-Iterative,2
Non-Linear,2
Non-Stationarity,1
Nonparametric,4
Normalizations,1
Normalized,5
Novelty,7
OCR,1
OK-VQA:,1
Observer:,1
On-the-Fly,1
One-Class,4
One-Sided,1
Open,12
Oracle,2
Organisms,1
Orientation,4
OrigamiNet:,1
Out?,1
Outer,1
Output-Size,1
Oversegmentation,1
Oxford,1
P3SGD:,1
PANDA:,1
PSGAN:,1
PULSE:,1
Packed,2
Page,1
Painting,1
Paragraph,1
Parallax,3
Parallel,8
Parameter-Free,1
Participating,1
Paste,1
Patch,12
PatchVAE:,1
Patches,5
Path,8
Pathological,2
Peak,1
Pedestrians,4
Penguins,1
Perceptual,15
Perceptually,1
Perform,1
Person-Specific,1
PhaseNet,1
Photometric,18
Phrases,1
PiCANet:,1
Piecewise,2
Pixel-Set,1
Pixel-Wise,6
Plasticity,1
Platform,1
Players,2
Plot,1
PointConv:,1
PointGrid:,1
PointWeb:,1
Pointer-Augmented,1
PolarMask:,1
PolyHeDron,1
PolyNet:,1
Pose-and-Scale,1
PoseFix:,1
PoseTrack:,2
Positive-Unlabeled,1
Powders,1
Powering,1
Practical,7
Pre-trained,1
Prediction-and-Distillation,1
Preserved,1
Prime,1
Primitive,1
Probability,8
Problem:,1
Problems?,1
Professional,1
Programming,8
Progression,1
Projection,8
Propagation,23
Proportion,1
Prototyping-Encoder:,1
Provenance,1
Pseudo-LiDAR,2
Public,1
Putting,2
Puzzles,5
Pyramid-Context,1
Quantum,1
Queries,3
R-FCN-3000,1
RAVEN:,1
REPAIR:,1
REVERIE:,1
RF-Net:,1
RGB-T,1
Radio,2
Randomized,2
Ranks,1
Rapid,2
Re-identification,1
Reaction:,1
Real-Time,47
Reality,6
Recognize,2
Recover,1
Recovering,8
Rectification,6
Reduction,9
Redundancy-Free,1
Regularity-Driven,1
Regularization,27
Reinforced,6
Relaxed,3
Reliance,1
Relighting,2
Relocalisation,1
Remember:,1
Rendering,14
Repairing,1
Represent,1
Representations:,1
Residual-Connections,1
Restitution,1
Rethinking,17
Revealer:,1
Revealing,3
Revisited,1
Rewind:,1
Risky,1
Robustness:,2
Rotation-Invariant,3
SBNet:,1
SCC:,1
SDC,1
SDC-Depth:,1
SDE,1
SG-NN:,1
SLV:,1
SPARE3D:,1
SPDA-CNN:,1
SSN:,1
STCT:,1
STEP:,1
SVM+,1
Salience-Guided,1
Saliency-Guided,1
SampleNet:,1
Sampler,1
Satellite-to-Ground,1
Say,1
ScSPM,1
Scalability,1
Scalability:,1
Scale-Transferrable,1
Scale:,1
Scan2Mesh:,1
Scanners,1
Scenarios,1
Seasonal,1
Second-,1
Segmentation-Aware,1
SelFlow:,1
Self-Ensembling,1
Self-Paced,2
Self-Regularization,1
Self-Supervised,61
Self-Supervision,4
Self-Taught,1
Self-Trained,1
Self-Training,2
Self2Self,1
Sense,1
Sensitive-Sample,1
Separated,1
Servoing,1
Set-Supervised,1
Shaded,1
Shadows,2
Shapes?,1
Shells:,1
Shoestring:,1
Shot,17
Shots,1
ShuffleNet:,1
SiCloPe:,1
Side,4
Signal,4
Signature,2
Sim-Real,1
Sim-To-Real,1
Similar-Appearance,1
Simulation,3
Simultaneously,1
Single-Image,12
Single-Shot,11
Single-Stage,4
Skeleton-Attribute,1
Skeletons,1
Sketch-Based,9
SketchNet:,1
SketchyGAN:,1
Skewness-Aware,1
Skip-Attention,1
Slide,3
SmallBigNet:,1
SoPhie:,1
SobolevFusion:,1
Soft-Segmentation,1
Softmax,3
Solving,8
Something,3
Spanning,1
SparseFool:,1
Spatially,11
Specialized,1
Speech2Action:,1
Speech2Face:,1
Spindle,1
Splitting,2
Sports,4
Stabilization,2
Stage,4
Staleness,1
Static,6
Stepwise,2
Stereo,83
Stereo-Depth,1
StereoNet,1
Still,3
Straight,3
Stratified,2
Strength,1
Strike,1
Strip,1
Stronger,1
StructEdit:,1
Structural,16
Student-Teacher,1
Subsets,1
Summaries,1
Superpixels,4
Supervoxels,1
SurfelGAN:,1
Swapping,1
Synergistic,1
Synergy,1
Synthesizing,10
Systematically,1
T1,1
TACNet:,1
TDAN:,1
TEN:,1
TPNet:,1
Taxonomy,1
Technique,3
Terms,1
Tessellations,1
Textbook,2
TextureFusion:,1
Them:,1
Thumbnail,1
Time,18
TopNet:,1
Topology,3
Tracking-By-Segmentation,1
Transductive,3
Transformative,1
Transformer,15
Transformers,4
Transition,3
Triangulation,3
Trinity,1
Triplet-Center,1
Trust,3
Tubelet,1
Tuned,1
Turning,1
Twelve,1
Two-Stage,4
Type-Agnostic,1
Typography:,1
Ultra,1
Uncalibrated,6
Uncertainty-Aware,3
Uncertainty-Driven,1
Uncommon:,1
Underlying,1
Unite,1
Unlabeled,5
Unstructured,6
Utilities,1
V2:,1
VAEs,2
VIBE:,1
VIsual,2
Valid,1
Variance-Based,1
Vec2Face:,1
Video:,1
ViewAL:,1
Views,11
Views:,3
Vision-Dialog,1
Visual-Inertial,4
Visualization,3
Vocabulary,3
Voting:,1
WILDCAT:,1
Wake-Up:,1
Walk,3
Watch:,1
Water,1
Whole,4
WiFi,1
Wide-Field-Of-View,1
Wise,2
Word2Vec,1
Yet,2
`in,1
and/or,1
k-Reciprocal,1
l1-Norm,1
pOSE:,1
per,2
polygons,1
problem,1
reCAPTCHA,1
via,318
vs.,1
(EPM),1
(HCP),1
(MeNets),1
(MfS):,1
1-Bit,1
100,1
2.5D,2
3DMatch:,1
4D,10
AC,1
ADCrowdNet:,1
ADVENT:,1
AI,1
Acceleration,9
Accuracy,4
Across,9
ActBERT:,1
Action?,1
Actionlets,1
Actions,15
Activations:,1
Adapt,3
Adaptation,106
Adaptation:,2
AdaptiveFace:,1
Advancing,1
Affordances,5
Age,9
Agnostic,5
Agriculture-Vision:,1
Aided,2
Albedo,3
All-Weather,1
Ambiguous,1
Animatable,1
Animated,2
Annotations,13
Another,1
Any-Shot,1
Appearance,16
Appearance-and-Relation,1
Applications,14
Approach,70
Approximation,3
Architecture,55
Ascent,2
Assess,1
Associatively,1
Assume;,1
Attack,15
Attention-Driven,1
Attention-Guided,4
Attention:,2
Attribute-Guided,1
Attribute-Identity,1
Audience,1
Audio-Visual,1
Auto,1
Auto-Encoding,4
Autolabeling,1
Averages,1
BRDFs,1
Baby,1
Backbone,3
Backdoor,2
Backward-Compatible,1
Bank,1
Banks,1
Barycenters,2
Base,2
Based,103
Batch-Wise,1
Beings:,1
Benchmarking,6
BiFuse:,1
Bilinear,7
Binary,31
Binocular,1
Bit,3
Blazingly,1
BlendedMVS:,1
Blind,23
Blindly,1
Blur:,1
Boosted,1
Bottom-Top-Bottom,1
Boxes,4
BridgeNet:,1
BubbleNets:,1
CDC:,1
CLEVR:,1
CNN-CRF,1
CNN-HMMs,1
Calibrator:,1
Canny,1
CapSal:,1
Cataloging,1
Chains,1
Chirality,1
Cinema,1
CityFlow:,1
Class-Agnostic,2
Class-Incremental,2
Classification:,2
Classifiers:,1
Cleaning,1
Clearly,1
Clinical,1
Clinically,1
Closed-Form,1
Closing,2
Closures,1
Co-Skeletonization,1
Coalesced,1
Coarse-To-Fine,5
Coherence,2
Collaboration,3
Collection,2
Collective,2
Colonoscopy,1
Colorization,9
Competitive,2
Completing,1
Complexity,3
Compose,1
Compression:,2
Compressively,1
Computer-Aided,1
Concept,5
Concrete,1
Conditioned,1
Conformal,1
Conservative,1
Consistency,26
Consistent,14
Constraints,18
Context,58
ContextDesc:,1
Contexts:,1
Contours:,2
Copy,1
Coronal,1
Corrections,1
Corrective,1
Cosegmentation,1
Counterfactual,4
Covariate,2
Cross,6
Cross-Ensemble,1
Cross-Reference,1
Cross-Resolution,1
Cross-Space,1
Crowds,2
Cuboids,1
Cumulative,3
Curves,4
Cylindrical,1
D3Feat:,1
DCAN:,1
DESIRE:,1
DEfect,1
DM-GAN:,1
DNNs,2
DPGN:,1
DSFD:,1
DVQA:,1
Data:,4
Deactivable,1
DecideNet:,1
Decisions,1
Decoders,2
Decomposition:,1
Deep:,1
DeepEMD:,1
Deeply-Recursive,1
Defend,2
Deformable,18
Deformation,9
Delineation,2
Demoireing,1
Demosaicing,1
Denoising,34
Density-Based,1
Derivative,1
Description,11
Descriptors,18
Desensitizing,1
Destination:,1
Detail-recovery,1
Devil,3
Differentiation,1
Diffractive,1
Dimension,1
Dimensions,2
Direct,11
Directed,1
Directions,2
Discontinuity,1
Discrete,7
Disintegration,1
Disp,1
DistillHash:,1
Distillation:,4
Distortion,11
DoubleFusion:,1
Driver,2
Dropout,7
DuLa-Net:,1
Dual-Domain,4
Dual-Level,2
Dual-State,1
Dynamical,1
Dynamics-Based,1
EAST:,1
EIGEN:,1
EM,1
EPINET:,1
ER3:,1
Earth,1
Economical,1
Edge,13
Edges,4
EfficientDet:,1
Ego-Motion,2
Elementary,1
Eliminating,5
Embeddings,23
Embeddings:,1
Emerge,1
EmotiCon:,1
Enabling,1
Enough,1
Enriched,4
Entropy,6
Error,4
Errors,1
Evaluating,1
Event-Specific,1
Evolution-Based,1
Expenditures,1
Explain,3
Explanations,5
Exploitation,1
Exploiting,22
Explorable,1
Explore-Exploit,1
Extract,3
Eye,12
F-BRS:,1
FBNet:,1
FID,1
FOAL:,1
FOCNet:,1
Face-From-Depth,1
FaceID-GAN:,1
Faces,23
Facility,1
Factor,3
Factorize,1
Failing,1
Fast,100
Fast-Forward,1
Feature-Based,1
Feature-Level,2
Feedforward,1
Fill-In-The-Blank,2
Finding,9
Fitness,1
Flash,2
Flight,2
Flow,74
Forecast,2
Forensics,2
Forward-Backward,1
Free-Form,1
Frequent,1
Full-Precision,1
Fully-Adaptive,1
Fully-Supervised,1
Functional,6
Future:,2
G-CNN:,1
G2L-Net:,1
GAMIN:,1
GAN:,3
GCAN:,1
GIF2Video:,1
Gate-Shift,1
Gaussians,1
Gaze,11
Gaze:,1
Generating-Preserving,1
Generative,119
Goals,1
Going,4
Graphics,1
Graphs,26
Grassmann,2
Gravity,1
Grid-GCN,1
Grid-based,1
Grobner,1
Grounded,8
Group-Shuffling,1
Group-Wise,4
Growing,4
Guaranteed,2
GuessWhat?!,1
HOnnotate:,1
Hamming,2
HandVoxNet:,1
Harnessing,2
Hashtag,2
Heatmaps,1
Hedgehog,1
Help,3
HetConv:,1
Heuristic-Aided,1
Hierarchy,2
High,34
High-Accuracy,1
High-Precision,1
Histopathological,3
HorizonNet:,1
Household,1
HydraNets:,1
Hz,1
ILFO:,1
INT8,1
Im2Flow:,1
Im2Struct:,1
Image-Question-Answer,1
Imager,1
Imbalance,2
Improving,42
InLoc:,1
Inception,2
Increasing,1
Independently,2
Indexing,3
Inference:,1
Inferences,2
Information-Driven,2
Infusing,1
Insect,1
Inserting,1
Intelligence:,1
Intensity,12
Inter-Modality,1
Inter-Task,1
Interact:,1
Interacting,5
Interpretability,3
Intra-Frame,1
Invariant,19
Invertible,2
Isolating,1
JSIS3D:,1
KFNet:,1
KillingFusion:,1
LAEO-Net:,1
LAF-Net:,1
LCNN:,1
LCR-Net:,1
LG-GAN:,1
LSTA:,1
La,1
LaSO:,1
Labeled,4
Language,26
Language-Driven,1
LaserNet:,1
Layer-Based,1
Learn:,6
Learned,27
Learners,2
Lending,1
Lesion,3
LiDARsim:,1
Lightweight,6
Like,5
Line,8
Lineage,1
Linear,24
Lions,1
LiveSketch:,1
Local-Global,3
Local-to-Global,1
Locality-Sensitive,1
Location-Aware,2
Long,6
Long-Horizon,1
Looking?,1
Loss,50
Low,13
Low-Bit,4
MIML-FCN+:,1
MS/HS,1
MSCap:,1
Machines:,1
MapNet:,1
Marginalized,1
Marker,1
Markov,6
Mass,1
Mastery,1
Matching,111
Matricization,1
Matting:,1
Max-Cut,1
Mechanism,6
MegaFace,1
Memory-Aware,1
Meta,3
Methodology,2
Metrics:,1
Mirror,2
Mirrored,1
Misaligned,1
MnasNet:,1
MoNet:,2
MoTion,1
Modality,3
Model-Driven,1
Modular,4
Modularized,1
Monitor,1
Morphable,11
Morphing,2
Motion,105
MovieQA:,1
MuCaLe-Net:,1
Multi-Camera,5
Multi-Cue,2
Multi-Frame,2
Multi-Granular,1
Multi-Identity,1
Multi-Object,18
Multi-Supervision,1
Multicamera,1
Multiple-Face,1
Multiplications,1
Multipliers,1
NAS-FPN:,1
Naive,1
Narrated,2
Needle-Match:,1
Net,9
Neurons,2
Noise,21
Noisy,25
Noisy-Labeled,1
Non-Convex,1
Non-Line-Of-Sight,6
Non-Volumetric,1
Normality,1
Novel,21
Nuclear-Norm,1
Null,2
OASIS:,1
OCT,1
ODE-Inspired,1
ODIN:,1
OICSR:,1
Object?,2
Objectness,1
Occlusion-Adaptive,1
OctSqueeze:,1
On-The-Fly,1
Once:,3
One's,1
One-Shot,18
Ontology,1
Oops!,1
Optical-Flow,1
Optimization-Inspired,1
Orders,1
Orthonormality,1
Output,5
PA3D:,1
PADS:,1
PFCNN:,1
PFRL:,1
PID,1
PL-DNN,1
PPDM:,1
Panoptic-DeepLab:,1
Panoramas,1
Parameters,3
Parametrizations,1
Parsing,43
Partial-Residual,1
Partially-Overlapping,1
Past,1
PatchMatch,2
Perception-Distortion,1
Perfect,3
Performed?,1
Permutohedral,1
Person-Object,1
Personalizing,2
Persons,1
Perspective-Aware,1
Petri,1
PhraseCut:,1
PifPaf:,1
Pipelines,2
Point-Of-Interest,2
PointFlowNet:,1
PointGroup:,1
PointNet,1
PointRCNN:,1
Pointwise,4
Polarimetric,3
Policy,6
Polygon-RNN++,1
Pool:,1
Pose-Action,1
Pose-Aware,3
Pose-Free,1
Postponing,1
Posture,1
Practical:,1
Practice,1
Preference,3
Preprocessing,1
Presence,2
Presentation,2
Preservation,1
Pressure,1
Pretraining,1
Previewing,1
Primitives,2
Privacy-Preserving,1
Problems,13
Profiling,1
Projection:,1
Projections,1
Properties,3
Proposals,11
Prototype,4
Pull,1
Purely,1
Push:,1
Quality-Aware,1
Quantifying,4
Question-Answering,3
Question-Directed,1
Questions,7
R2GAN:,1
RAW,1
RVOS:,1
Radar,2
Radiology,2
Radiometric,4
Random,17
Randomised,1
Rank-1,1
RankMI:,1
Ranking,16
Raters:,1
Re-Aligned,1
Re-IDentification,1
Re-Weighted,1
Reachability,1
Reading,2
Real-World,10
Recipes,3
Recomposition,1
ReconNet:,1
Recurrency,1
Recycling,2
Refined,1
Reformulation,1
Regularity,2
Rejuvenation:,1
Relation-Augmented,1
Relaxation-Based,1
Relocalization,4
Renderable,1
Renderer:,1
RepMet:,1
RepNet:,1
Requiring,1
Resource,3
Responses,1
Retrieval-Augmented,1
Reversible,4
Rigging,1
RoI,2
Road:,1
Robot,1
Robust,119
Rolling,11
Rotation,13
Rotations,3
SDFDiff:,1
SINT++:,1
SLAM:,1
SNR,1
SO-Net:,1
SPAD,1
SQE:,1
SQuINTing,1
STEFANN:,1
SaccadeNet:,1
Scale-Aware,5
Scale-Equalizing,1
Scan,4
SceneCode:,1
Scenes,55
Seeing,15
Segmentation,343
Segmented,2
Segmenting,5
Selecting,1
Self-Aware,1
Self-Calibrated,1
Self-Correction,2
Self-Exemplars,1
Self-Expression,1
Semantically-Aware,1
Sentiment,2
Sequentially,1
Setting,1
Severely,1
SfSNet:,1
Shading,4
Shape-Dependent,1
Shared,5
SharinGAN:,1
Sharpness,1
Shell,1
Shift:,3
Shifts:,1
Shock,1
Shortcut,2
Shutter,10
Sideways:,1
Significant,2
Sim2Real,1
Simple,13
Smarter,1
Smooth,5
Soccer,2
Social-STGCNN:,1
Solvers,7
Something-Else:,1
Space,47
Sparsified,1
Spatial-Temporal,10
Spatiotemporal,15
Speakers,1
Speaking,2
Specific,2
Speed/Accuracy,2
SphereFace:,1
Spread,1
Square,1
Squeeze-and-Attention,1
Staple:,1
StarGAN:,1
Stashing,1
States,1
Steganography,1
StereoGAN:,1
Stitching,1
Stop:,1
Streak,3
Streaks,1
Stream,2
Strong,6
Structure-From-Motion,3
Style,34
Style-Consistent,1
Stylization,2
Sub-Event,1
Sub-Graph,1
Successive,1
Suite,1
Super,8
Super-Resolution:,2
Super-Resolvers,1
Super-Resolving,1
Superior,1
Supervision-by-Registration:,1
Suppression,5
SurfConv:,1
SurfNet:,1
Switchable,1
Synthesis,79
Synthesized,2
Synthetic,19
TA-Student,1
TAFE-Net:,1
Tag,1
Target-Attending,1
Target-Aware,1
Task-Consistent,1
Tasks:,1
Teachers,1
Teachers:,1
TenSR:,1
Tensor-Based,1
Terrain,1
Text-Guided,1
Textual-Visual,1
Thin-Slicing,2
Third-Person,2
Thousands,1
Three-Dimensional,2
Three-Player,1
Thresholds,1
TieNet:,1
Time-Lapse,3
ToothNet:,1
Top-Push,1
Total3DUnderstanding:,1
Touch,1
Track,3
Tracks,1
Tractable,1
Trained,3
Training:,3
Transform:,1
Transformer-Based,1
Transparency,2
Tree,7
TripleGAN,1
Triplets,1
Tubular,1
Twin-Bottleneck,1
Types,1
U-Net,3
UAV,3
UC-Net:,1
UNAS:,1
Ultra-Resolution,1
Ultrasound,1
Uncurated,1
Underwater,4
Uneven,1
Unified:,1
Unit,13
Units,3
Unsynchronized,1
Unwarping,1
Uprightness,1
Use?,1
Utility,1
VQA-Machine:,1
Variance,3
Variants,1
Variation,3
Variational-EM-Based,1
Vectors,2
Verification,7
Verifying,1
Vertex,1
Vessel-Tree,1
Video-Aligned,1
Video-Story,1
Video-and-Language,1
Viewer-Centered,1
Viewpoint,9
Visiolinguistic,1
Vision-to-Language,1
Vision?,1
Vlogs,1
WCP:,1
WILDTRACK:,1
Waymo,1
Weak,7
Weakly-,1
Weather,2
Web-Scale,1
Weigh,1
Weighted-Entropy-Based,1
White-Balance,1
White-Balanced,1
Wide,3
Wind:,1
Within:,1
Worlds,1
Worst-Case,1
Xception:,1
YOLO9000:,1
Yin,1
Zero-Example,1
anisotropic,1
correspondence,1
gDLS*:,1
v2,1
—,1
&,12
(Even),1
(With),1
000,2
15,1
3D,414
3D-Guided,1
3D-House,1
3D-RCNN:,1
3DN:,1
4DFAB:,1
:,8
ABC:,1
ADMM,1
AMC:,1
ARShadowGAN:,1
ASLFeat:,1
ASP,1
AVA:,1
Abnormal,1
Absolute,3
Accurate,52
Achievements,1
ActionVLAD:,1
Actors,2
Adding,2
Addressing,2
Adjustment:,1
Advisable,1
Afraid,1
Agent:,1
Agents,3
Aggregated,4
Aggregation,35
Agricultural,1
Alternate,2
Am:,1
Analogical,1
Analysis:,6
Anchoring,1
Annotations:,1
Anomalous,1
Another's,1
Answers,1
Anti-Spoofing,6
Aperit,1
Architectural,1
Area,1
Around,2
Around:,1
Array,1
Artificial,2
Assembling,1
Assign,1
Assist,1
Asynchronized,1
Asynchronous,3
Attention-Gated,1
Attentions:,1
Attribute-Driven,1
AudioVisual,1
Augment:,1
Augmented-Self,1
Autism,1
AutoML,1
Autoencoder,8
Autoencoders:,1
Autonomous,20
Autoregressive,3
BBN:,1
BEDSR-Net:,1
BRISKS:,1
BRidge,1
BSP-Net:,1
Backpropagating,3
Barcodes,1
Barrage,1
Baselines,1
Batch:,1
BeautyGlow:,1
Becoming,1
Behaviors,2
Bells-and-Whistles-Free,1
Benchmarks,1
Berry,1
Better,17
Beyond,25
BiDet:,1
Bilateral-Projection,1
Binned,1
Biomarkers,1
Block-Term,1
Blur,12
Bodies,3
Book,1
Bound,1
Brain,3
Breaking,1
Burstiness,1
C-MIL:,1
C2AE:,1
CAMN:,1
CARP:,1
CARS:,1
CLEVR-Ref+:,1
CNN-Based,5
COncrete,1
CPU,1
CRNet:,1
Calculus,1
Camouflaged,1
Caricature,2
Carlsson-Weinshall,1
Carotid,1
Cars,2
Carte,1
Categorization,7
Category-Specific,1
Causal,5
Cells,2
Center,1
Centripetal,1
ChArUco,1
Challenge,1
Challenge:,1
Change,1
Characterization,1
Classifications,1
Clean,1
Cleansing,1
Clever,1
Click,3
ClusterFit:,1
Clusters:,1
Clutter,1
Co-Memory,1
Co-Peak,1
Co-Supported,1
Coarse-to-Fine,2
Codec,1
CollaGAN:,1
Comparative,4
Compatibility,1
Completeness,1
Complicated,2
Compositions,2
Compound,1
Comprehension,9
Comprehensive,7
Computer,9
Congruent,1
Conjugate,1
Connectivity,2
Connectome,1
Connectomics,3
Considering,2
Constraints:,2
Constructive,1
Continuity-Aware,1
Continuous,16
Continuum,2
Controlled,2
Conversation,1
Convolutional,219
Cooperation,1
Correct,1
Correlation-Guided,2
Correlational,1
Corresponding,1
Coverage,1
Creative,1
Credibility,1
Cropping,4
Cross-Dataset,5
Cross-Scale,2
Cross-View,9
CrossInfoNet:,1
Crossing,1
CrowdPose:,1
Curriculum,1
Cuts,3
Cycle-,1
CycleGAN,1
D3TW:,1
DAVD-Net:,1
DHSNet:,1
DS*:,1
DVC:,1
Dark,5
Data,110
De-Rendering,1
DeLiGAN,1
Deblurring,32
Deblurring:,1
Decluttering:,1
DeepFake,1
DeepInversion,1
DeepMVS:,1
DeepSDF:,1
Deepness:,1
Deflecting,1
Deformations,2
Deforming,2
Dehazing,10
Demo2Vec:,1
Denoisers,1
Densely,7
Density,18
Dependency,1
Depth-Parallel,1
Depth-Pose,1
Descent,7
Descriptions,7
Detection?,2
Detectors,22
Determination,2
Diagram,1
Dialog,9
Dialogue,2
Dichromatic,1
Diffeomorphic,3
Digital,4
Dimensional,8
Discontinuous,1
Disease,2
Dispersive,1
Distilling,7
Distribution-Aware,1
Document,5
Documents,3
Domain-Invariant,2
Draw,1
ECC:,1
EPI,1
ESIR:,1
Economic,1
Effects,7
Element,1
Embedding,59
Emergence,1
Empirical,5
Enabled,1
Energy-Constrained,1
Enrichment,1
Environment-Aware,1
Episodic,2
Equiangular,1
Equidistributed,1
Equine,1
Erase,1
Estimates,2
Estimation,275
Estimation:,3
Evade,1
Evading,1
Evaluate,2
Evaluation,14
Evolving,1
Example-Based,3
Examples,20
Exclusivity-Consistency,1
Exemplar-Driven,1
Exemplars,1
Explaining,6
F-VAEGAN-D2:,1
FANNG:,1
FCN-Based,1
FCSS:,1
FDA:,1
FFT,1
FM2u-Net:,1
FOTS:,1
FaceScape:,1
Factorisation,2
Fair,2
Fast-At:,1
Features:,3
Feedback,10
Feedback-Prop:,1
Filters,16
Fine-Grained,47
Fine-Scale,1
Fine-Tuning,6
Fisher,4
FlowNet,2
Fluents,1
Flux,1
Footprints,1
Foreground-Aware,2
Formation,3
Fractional,3
Frames,7
Frank-Wolfe,1
Frankenstein:,1
Front,1
Fused,2
GANFIT:,1
GIF,3
GIFnets:,1
GMS:,1
GNN3DMOT:,1
GPU,2
General-Purpose,1
Generation,78
Geometrically,3
Ghost-Free,1
Glimpse,1
Global,43
Goal-Oriented,2
Going?,1
GraB:,1
Grad,1
Gradient-Domain,1
Gradually,2
Graph-Cut,1
GraphBit:,1
GraphTER:,1
Gravitational,1
Grid,10
Grounding,18
Group-Based,2
Grouping,7
Grow:,1
Guidance,13
HD,3
HPatches:,1
Hallucinated-IQA:,1
Hand,34
Hand-Held,1
Hand-Object,3
Handwriting,2
Harmonic,4
Heavily,1
Hedged,1
Hi-CMD:,1
Hierarchically-Nested,1
Hierarchies,1
High-Frequency,1
Histopathology,1
History,1
Hole,1
Human-Object,7
Human-Skeleton,1
Hyperbolic,3
Hypothesis-and-Test,1
ICP,1
IMRAM:,1
IMUs,1
IMage,1
IP102:,1
Identification,10
Identity-Invariant,1
Ill-Posedness,1
Illumination,8
Image,599
Image-Set,1
Imagery,10
Imperceptible,2
Improvement,1
Improvements,1
Imputed,1
InGaAs,1
Inaccurately,1
Independence,1
Indirect,1
Induction,1
Inertial,2
Influences,1
Inlier,1
Inline,1
Inspired,5
Instance-Depth-Aware,1
Instance-Level,13
Integer,1
Inter-Layer,1
Interaction-And-Aggregation,1
Interactive,30
Interferometry:,1
Interpretation,2
Investigate,1
It's,2
Item,2
K-Means,1
KInetic,1
Key,3
Keypoint,7
Know:,1
Known,2
L2,1
LBS,1
Label,31
Labeling:,1
Laplacian,2
Layerwise,1
Learn2Perturb:,1
Led3D:,1
Left,1
Left-Right,2
Lesions,1
Leveraging,14
Light,40
Light-Field,1
Light-Weight,1
Linguistic,2
LiteFlowNet:,1
Little,1
Localization?,1
Localize,5
Logo,1
Look:,5
Loop,4
Loops,1
Losses,7
Low-Quality,2
M-LVC:,1
MAGSAC++,1
MAN:,1
MANTA:,1
MAST:,1
METAL:,1
MOTS:,1
MPM:,1
MRI,3
Man's,2
ManTra-Net:,1
Manipulate,1
Mapillary,1
Maps,27
Maps:,2
Marker-Less,1
MaskGAN:,1
Matrix,24
Matryoshka,1
Matters,2
Max-Pooling,1
Max-Weight,1
Maximal,2
Maximum-Entropy,1
Measures,4
Median,1
Meets,10
Meshes,7
Meshlet,1
Metal,1
Metastasis,1
MiCT:,1
Micro-Actions,1
Mid-,1
Millimeter,1
Min,1
Mind,3
Mitigation,1
Mixed-Modal,1
Mobile,6
Modalities,1
Modified,1
MonoPair:,1
Motifs:,1
Mouse,1
Move,2
MovieGraphs:,1
Much,1
Multi-Agent,5
Multi-Agents,1
Multi-Attention,2
Multi-Cell,1
Multi-Coil,1
Multi-Labels,1
Multi-Patch,2
Multi-Relation,1
Multi-Style,1
Multi-Valued,1
Multi-View,52
Multi-modal,1
Multi-object,1
Multiclass,1
Multigrid,2
Multiplier,1
Multispectral,7
Multitask,4
Nanoscale,1
Nearest-Neighbor,2
Neighbor,5
Neighborhood,3
NetTailor:,1
Networks,486
NeuralScale:,1
Neurobiological,1
Neuroimaging,2
News,3
No-Reference,2
Noisier2Noise:,1
Non-Manhattan,1
Nonlocal,2
Normalization:,2
Nothing:,1
Object-Centric,1
Object-Driven,1
Object-Level,1
Object-Specific,1
Objects-Of-Interest,1
Observations,3
Occlusion,20
Occlusion-Free,2
Occupancy,4
OctNet:,1
One,12
One-Stage,3
One-Step,2
One-To-Many,1
One:,1
Online,43
Optimal,23
Optimisable,1
Optimization,49
Optimizing,9
Orderless,1
Oriented,15
Out-of-Distribution,2
Outlier-Aware,1
Overlap,1
POD:,1
PPFNet:,1
PPP:,1
PU-Net:,1
PVN3D:,1
PVNet:,1
PaStaNet:,1
PackNet:,1
Pairing,1
PandaNet:,1
Paragraphs,1
Parameter,5
Parameterization,2
Part,16
Part-Specific,1
Part-Stacked,1
Partially,2
Partitions,1
Paths:,1
Patient,1
Pattern,5
Pencil,1
Perceived,1
Performance,13
Performances,1
Permutation-Equivariant,1
Person:,1
Personality,1
Perspective-2-Point,1
Photo-Realistic,2
Photographs,5
Photorealistic,4
Physically-Based,3
PieAPP:,1
Pill,1
Pixelwise,1
Plagiarism:,1
Plate,1
Plug-and-Play,1
PnPNet:,1
Point,134
Point-Voxel,1
PointNets,1
PointPillars:,1
Points,13
Polarisation,1
Polynomial,5
Pooled,3
Pose,184
Pose-Based,3
Pose-Sensitive,1
PoseAgent:,1
PoseNet,1
Poses:,2
Positive,4
Prediction,100
Predictors,2
Predicts,1
Pretext-Invariant,1
Primary,4
Prioritized,1
Priors,18
Priors:,1
Privileged,4
Probabilities:,1
Processes,4
Processing,10
Product,9
Profiles,2
Progression/Regression,1
Progressive,26
Prominent,1
PropagationNet:,1
Properly:,1
Prototypical,2
Proxies,2
Pulling,1
Purpose,2
Pushing,2
Quality,30
Quantization,25
Quantized,4
Quantizer,2
Querying,1
Quintuplet,1
RDCFace:,1
RNN,5
Randomized-To-Canonical,1
Rank,16
Ranking-CNN,1
Rare,1
Re-Detection,1
Re-Identification,97
Re-Initialization,1
Re-Weighting,1
ReSprop:,1
Reasoning,47
Reconstructing,8
Reconstruction-Based,1
Redaction,1
Reduced,1
Refinement,23
Reflection,16
Regeneration,1
Region,30
Region-Based,1
Region:,1
Regularizations,1
Reinforcement,38
Relax,1
Relevance,2
Reliable,9
Reloaded:,1
Reproduction,1
Repurposing,1
Requirements,1
Rerendering,1
Rescoring,1
Resilience,1
Retargetting,1
Retraining,1
Retrieval,58
Retrieval:,1
Reveal,2
RevealNet:,1
Reweighting,1
Richly-Annotated,1
Riggable,1
Risk,2
RoadTracer:,1
RoboTHOR:,1
Roots:,1
Rules,2
SER-FIQ:,1
SGPN:,1
SIXray:,1
SOSNet:,1
SPD,3
SVBRDF,1
SVM,3
Sampling,18
Scale,32
Scenario,1
Scene-Text,1
Scene:,1
Scoping,1
Scotopic,1
ScratchDet:,1
Scribble-Supervised,1
Scripts,1
Search,83
Secure,2
See,9
Seeded,2
Seeking,3
Segmentation:,3
Self-Polar,1
Self-Portraits,1
Self-Questioning,1
Self-Representation,1
SemStyle:,1
Semantic,231
Semantic-Aware,2
Semantics-Guided,1
Semi-Supervised,45
SemiContour:,1
Semidefinite,1
Sensation,1
Sensed,1
Sensorimotor,1
Sentence,4
Separate,3
Serial-to-Parallel,1
Sets:,1
Severe,1
Shadow,11
Shapes:,1
Shared-Specific,1
SiamRPN++:,1
Signed,3
SimulAted,1
Single-Frame,1
Single-Pass,1
Single-Tasking,1
Single-View,13
Sitcoms,1
Skipping,1
Slicing,1
Sliding,1
Slow-To-Fast,1
Small,8
Softmax:,1
Sorting,2
Sounds,1
Source,4
Sparsely,2
Sparsity:,2
Spatial-Semantic,1
Spatially-Attentive,1
Spatio-Angular,1
Speaker-Listener-Reinforcer,1
Specular,2
Sphere-Constrained,1
Spherical,12
Splicing,1
Squares,2
Stack,2
State-Aware,1
Step,1
Strategies,3
Strategy,3
Street,6
Structural-RNN:,1
Structure-Revealed,1
Structured,50
Studying,1
StyleBank:,1
Sub-Category,1
Sub-Frame,1
Subjects,1
Subset,5
Subtle,1
Sufficient,1
Sunshine,1
Super-Events,1
Superimposed,1
Superquadrics,1
Support,4
Surfaces,9
Surrogates,1
Surveillance,2
Switching,1
System,7
Systems,3
T-Spline,1
TCTS:,1
TEA:,1
TITAN:,1
TOM-Net:,1
Tabletop,1
Tactile,1
Taking,4
Targeted,3
Task,17
Task-Specific,1
Tasks,13
TeCHnique,1
Temporal-Context,1
Tensors,3
Term,3
Ternary,1
TextSpotter,1
TextVQA,1
Texture-Less,2
Therapy,1
Thin,4
Thinks,1
Third-Order,1
Tigers,1
Tightly,1
Time-Conditioned,1
Timeception,1
Tips,1
Tool,1
Toolchain,1
Top-View,1
Trace,2
Traditional,1
Train,7
Transfer:,3
Transferability,5
Transfers,2
Transformers:,1
Transforms,4
Transition-Aware,1
Translating,1
Trapping,1
Treatment,1
Triadic,1
Trident,1
Triplet,6
Ugly,2
Unaligned,2
Understanding,43
Unicode:,1
Uniform,1
Unique:,1
Unsupervised,163
Upper,1
User-Specific,1
VLBI,1
Vector,4
VectorNet:,1
Vehicle,8
Versus,2
ViBE:,1
Video2Shop:,1
View-GCN:,1
Viewing,3
Vislets,1
Visual-Semantic,5
Visual-Text,1
Visual7W:,1
Votes,1
Voxel,3
Voxel-to-Voxel,1
VoxelNet:,1
Warping,5
Watershed,1
Ways,1
Weakly-Supervised,30
Web-Crawled,1
What's,4
Whether:,1
Wild:,1
Wireframe,1
Wireframes,1
Without,34
X-Linear,1
X2CT-GAN:,1
You2Me:,1
You:,1
Zero-Exemplar,1
ZigZagNet:,1
Zigzag,1
spectral,1
