the,11128
of,10087
my,6955
in,4285
love,4246
to,3628
sky,2811
you,2455
like,2342
loves,2315
i,2294
for,2272
me,2234
a,1993
and,1847
no,1589
is,1581
i'm,1574
don't,1502
next,1277
mix,1228
are,1205
on,1193
lover,1192
so,1181
your,1164
arabic,1105
matteo,1099
old,1093
gonna,1087
miss,1086
china,1072
forget,1068
thunder,1054
rock,1031
lovers,990
inside,980
it,960
they,921
running,912
pakistan,911
death,870
human,866
be,854
pleasant,853
as,848
conscious,845
down,840
indonesia,830
boy,815
nervous,799
wild,784
better,776
just,775
computer,770
ugly,767
big,765
dj,723
gentle,719
worker,718
boring,693
bertie,691
terrible,683
make,676
tiny,672
dark,669
legs,666
electrical,652
medical,652
out,651
financial,650
believe,647
fire,645
mind,635
ain't,630
talk,626
come,626
teacher,625
blue,625
tiger,623
maximus,620
good,618
huge,618
first,605
sunshine,603
darkness,599
dance,592
fluffy,589
star,585
from,584
life,579
black,554
zeus,544
yesterday,541
behind,534
follow,532
pony,526
best,519
that's,518
suzuki,516
hear,515
were,511
story,509
headless,508
shame,506
four,504
long,503
critical,498
poor,496
fiat,492
remarkable,491
finding,489
history,487
chicken,484
cute,483
falling,480
doggies,479
morgan,479
inner,478
fireman,477
additional,475
relax,474
traditional,472
wine,471
obviously,471
alpaca,471
high,468
state,466
not,465
made,465
need,464
asleep,464
streets,463
sudden,463
around,461
pure,461
white,461
sorry,460
arabia,458
saudi,458
cultural,457
desperate,455
price,454
levantine,454
dancer,454
majestic,454
cadillac,452
arrange,451
civil,451
severe,451
pencil,451
home,449
lonely,449
geese,448
strict,448
guttural,447
engineer,447
search,447
afraid,447
psychological,446
hungry,446
impressive,446
eleven,445
support,445
sheep,445
practical,445
analyst,445
wipe,444
former,443
entertaining,442
informal,442
that,442
suspend,441
environmental,441
detailed,440
at,440
hysterical,439
aggressive,439
face,438
delightful,438
embarrassed,438
trick,437
mad,437
annoying,436
car,436
incredible,436
cause,435
electronic,435
school,435
secretive,435
color,434
glossy,434
brawny,433
useful,433
competitive,432
messy,432
upset,432
manager,431
unhappy,431
systems,431
intelligent,430
alleged,430
clam,430
butter,430
significant,428
matter,428
known,428
hands,427
beer,427
psychologist,427
dolls,427
cat,426
aboriginal,425
talented,425
form,424
immediate,424
llama,424
towering,423
son,423
assistant,423
planner,423
goblin,423
red,422
needy,422
hook,421
obvious,421
driver,421
federal,420
psychedelic,420
friendly,419
would,419
typical,419
complete,418
invention,418
eastern,417
willing,416
balance,414
sick,414
tomorrow,413
robbers,412
sheet,411
weak,410
motors,410
healthy,410
officer,409
bless,409
substantial,408
shy,407
lucky,406
direful,405
scarce,405
available,405
confident,404
several,404
roll,404
connect,402
stick,402
powerful,402
kill,402
impossible,401
jewel,401
general,400
house,399
cuddly,399
country,399
fade,398
heat,398
show,398
belligerent,397
ride,395
,395
never,395
zinc,394
relevant,394
technical,393
unfair,391
historical,390
explain,389
permit,389
way,388
shaggy,386
reasonable,384
discovery,382
adjoining,381
lamb,380
bmw,379
vampire,378
rare,378
green,376
spaghetti,373
dog,370
little,369
forever,362
ferrari,362
more,361
benito,359
kicking,359
heart,353
ultra-maximus,353
signorino,349
summer,349
microwave,348
purple,347
california,345
asset,344
night,342
call,342
yellow,341
cool,340
la,339
candy,338
dream,338
chip,336
barbie,335
firetruck,335
volvo,334
catch,332
moves,332
guitar,332
strong,330
subaru,329
hills,328
still,328
nissan,326
goodbye,323
standard,322
miami,321
much,319
bug,318
da,317
quiet,317
please,317
with,317
too,317
elephant,316
dragon,315
girl,314
baddest,313
final,313
move,313
mini,312
lizard,310
chevrolet,309
really,308
want,308
squirrels,307
uzbekistan,306
fear,306
pantalones,305
riding,303
excalibur,302
bertie-face,302
noodles,302
deaf,302
kia,301
road,300
go!,300
winding,299
italy,298
beloved,298
small,298
forgive,297
sad,297
stealing,297
crying,296
under,295
worst,295
sister,295
escape,294
peugeot,292
magical,292
secret,292
mobile,291
mitsubishi,291
pasta,290
have,289
mouse,289
vauxhall,289
carpet,289
bulgarian,289
than,289
allegretto,288
music,288
turkey,287
distance,287
alligator,286
moglie,286
god,285
medalion,285
week,283
or,282
wand,282
give,281
skoda,280
jeep,280
maruti,279
silence,279
about,279
size,279
light,278
andrea,278
feeling,276
gotta,276
maria,275
dancing,275
citroën,275
remake,275
top,274
faw,274
sin,273
beautiful,271
flip,270
soups,268
dacia,267
animals,266
central,266
us,266
off,266
alan,265
icer,265
trek,264
sweet,264
else,264
morbido,264
pull,264
legal,263
porsche,263
johnson,263
totally,262
lemon,262
hunted,262
del,260
present,259
pathologist,258
rhinoceros,257
tree,257
turkish,257
below,256
magic,255
rich,254
persian,254
spread,254
ocamel,254
advisor,254
finland,253
lose,253
abuse,253
intuitive,253
control,253
seafood,253
playing,253
chocolate,253
pig,253
latin,253
cereals,252
social,252
salads,252
american,252
zebra,252
wanna,252
bear,252
plate,251
enemy,251
look,251
platz,250
hungary,250
alexander,250
sexual,249
steel,249
polish,249
pharmacist,249
tutti,249
frutti,249
tall,248
daihatsu,248
dominator,248
lamacorno,248
spoon,247
female,247
real,247
slovak,246
renault,246
dreamed,246
moneyless,246
hunter,246
pies,245
above,245
squirrel,245
joy,245
klingon,245
panda,244
audi,244
goes,244
decent,244
cow,244
similar,244
let's,243
reborn,243
toyota,243
insurance,243
latter,243
people,243
honda,243
stand,242
jason,242
urban,242
poland,241
expelli,241
armus,241
realistic,241
time,241
killer,240
sings,240
question,240
word,240
police,240
queen,240
odd,239
administrative,239
pregnant,238
girls,238
print,238
actual,238
driving,238
beyond,238
hardware,238
reloaded,238
you're,238
antique,238
used,237
global,237
adventure,236
bread,236
sew,236
georgia,236
buttered,236
south,236
architect,236
side,236
which,236
recent,235
weird,235
spider,235
sound,235
try,235
spain,235
basic,234
volkswagen,234
frank,234
desserts,233
religion,233
topolino,233
ferret,233
hyundai,233
accurate,233
nepal,233
dentist,233
mathematician,232
tetum,232
greater,232
urdu,232
isuzu,232
effect,232
save,231
gazelle,231
vicuna,231
niichan,231
future,231
reforge,231
eyes,231
ice,231
singapore,230
full,230
hope,230
unfortunate,230
lawyer,230
vanuatu,230
new,230
creator,230
colouring,229
flippin',229
elegant,229
ewe,229
lexus,229
charming,229
elk,228
wales,228
visible,228
heroes,228
carrots,228
epidemiologist,228
developer,227
clamp,227
difficult,227
yo,227
puedo,227
go,227
dongfeng,227
large,227
logical,227
suspicious,226
humans,226
patrol,226
coach,226
stereotyped,226
bahasa,226
garden,226
mongolian,225
sa’idi,225
dental,225
french,225
destiny,225
dolphins,225
interesting,225
toe,225
toad,225
sword,225
indonesian,225
hygienist,225
coati,225
young,225
fierce,224
popular,224
najdi,224
jollar,224
jordan,224
happy,224
catadiottro,224
angry,224
distinct,224
leopard,223
think,223
finnish,223
referee,223
mine,223
agent,223
times,223
speech-language,223
zebu,223
truck,223
shield,223
sufficient,223
scarecharming,222
hey,222
dramatic,222
italian,222
photographer,222
unable,222
soprattutto,222
deafening,222
mare,221
marketing,221
develop,221
jerboa,221
veterinarian,221
bosnian,221
badger,221
mongolia,220
speed,220
reporter,220
listen,220
mental,220
turkmenistan,220
sing,220
sonographer,220
exciting,220
scared,220
smart,220
bring,220
mandarin,220
southern,219
curious,219
raccoon,219
throw,219
magenta,219
fox,219
stars,219
bus,219
stews,219
tamil,218
desktop,218
gnu,218
publisher,218
north,218
bangla,218
principale,218
primrose,218
editor,218
important,218
chameleon,218
massive,218
tosk,218
steer,218
swedish,218
jamila,218
plumber,217
living,217
aware,217
kenworth,217
toys,217
play,217
yue,217
nice,217
unlikely,217
prayer,217
turquoise,217
said,217
parakeet,217
escuchame,216
hare,216
childcare,216
porcupine,216
moccasin,216
escaped,216
belief,216
megabanana,216
algerian,216
diagnostic,216
lion,216
richer,216
anxious,216
minangkabau,216
every,215
malay,215
guilty,215
wonderful,215
find,215
repeat,215
estar,215
turkmen,215
spanish,215
booth,215
mindless,215
accountant,215
i'll,214
ambra,214
luxermbourgish,214
potwari,214
fish,214
bosnia,214
pahari,214
herzegovina,214
acura,214
educator,214
bird,213
unicorn,213
malaysia,213
alive,213
minnie,213
educational,213
pray,213
moon,213
drafter,213
gan,213
slovakia,213
muddy,213
existing,213
war,213
seat,213
into,212
secretary,212
woodchuck,212
tapir,212
successfully,212
kneel,212
chef,211
budget,211
tata,211
upside,211
panther,211
hijazi,210
territory,210
book,210
economist,210
india,210
syria,210
shock,210
scare,210
island,210
cashier,210
fall,210
successful,210
chapter,210
waterbuck,210
helpful,209
paramedic,209
orange,209
netherlands,209
wooden,209
georgian,209
automatic,209
rat,209
oryx,209
javanese,209
fitness,208
algeria,208
farmer,208
brash,208
horses,208
sweden,208
united,208
hungarian,208
magyar,208
expensive,208
serious,208
construction,208
'n,208
prince,208
trainer,208
therapist,207
dodge,207
flower,207
fearsome,207
buick,207
careful,207
past,207
capybara,207
lahnda,207
respiratory,207
albanian,207
spine,207
bislama,207
ampelmann,207
gabby,206
honored,206
entire,206
daimler,206
bangladesh,205
marigold,205
jane,205
able,205
manigold,205
albania,205
behave,205
jinyu,205
northern,205
hindko,205
boys,205
calamity,205
israel,204
elementale,204
infiniti,204
bandicoot,204
mazda,204
brown,204
mister,204
iran,204
nepali,204
m.e.n.t.a.l,203
arm,203
bling-a-ding,203
ford,203
anteater,203
chichen,202
luxembourg,202
iceland,202
&,202
repair,202
maintenance,202
overflow,202
mercedes,202
kicked,202
honor,201
different,201
counselor,201
dutch,201
chrysler,200
chinchilla,200
catarinfrangente,200
gatto,200
hanger,200
hot,200
bison,200
mechanic,200
mike,200
automotive,200
preschool,200
shop,200
moroccan,199
ultra,199
scream,198
trucks,198
ram,198
words,197
foreign,197
consistent,197
east,196
'n',196
hebrew,196
sadness,196
france,196
ametista,196
inconcepibile,196
legalization,196
lincoln,195
sandwiches,195
icelandic,195
merry,194
eat,194
kid,194
butch,194
song,194
flippin,194
cassidy,194
drink,194
melayu,194
information,193
egypt,193
administrator,193
comprehensive,192
camel,192
party,192
chemist,192
xiang,192
deep,192
box,191
penniless,191
familiar,190
substance,190
drived,189
eland,189
does,189
ermine,189
electrician,189
califiornia,187
responsible,187
nan,186
uzbek,186
dangerous,186
bulgaria,186
min,186
relations,185
public,185
specialist,185
various,185
sports,184
middle,184
bat,184
morocco,183
rupert,181
event,181
arms,178
timor,177
sexy,174
bike,163
banana,146
game,136
bailando,125
marcota,121
el,120
e,119
baby,117
soul,115
russian,109
indian,100
fantastic,98
elisa,98
will,94
blues,92
ballad,91
towards,90
diablo,87
gig,85
kiss,84
super,83
drive,83
rise,82
michael,82
mi,78
tagiz,78
wife,76
corason,76
tander,76
ta,76
greatest,75
hits,75
comodino,74
raccolta,73
rage,73
away,73
afrodite,70
potion,70
freedom,70
all,67
strike,66
festival,66
loco,64
makes,63
approval,62
fun,62
pop,62
swords,61
loving,61
lavagna,60
bon,60
pizza,60
bongo,60
caddilac,60
lavanda,60
capo,59
three,57
london,57
carrot,57
man,57
les,56
robi,56
biker,56
jesus,55
carrie,54
tredici,54
mamma,53
porcellacchia,53
tin,52
baffi,52
stuck,52
stack,52
do,52
bro,52
carry,51
bella,51
cutie,51
wind,50
arkansas,50
soup,50
we,50
martaco,49
holy,49
manga,48
shivering,48
puma,48
polpettone,48
table,48
thinking,48
revenge,48
je,48
justice,47
remember,47
butterfly,46
al,46
tu,46
cuerpo,46
sofia,46
zelda,46
outer,46
paracetamolo,46
scandinavian,46
ipersensibilita,46
wow,46
gunz,45
saul,45
berenson's,45
corazon,45
society,45
paki,44
sgarbi,44
capra,44
power,44
touch,44
how,44
bla,44
meaning,43
lopez,43
eyed,42
freeman,42
auguri,42
fighting,42
suicide,42
kevin,42
fountain,41
doctor,41
bonjour,41
moneky,41
dolphin,41
blood,41
who,41
watch,41
gel,40
colonna,40
british,40
concert,40
king,40
arise,40
piggy,40
smelly,40
carina,39
trabajo,39
gaezza,38
pistols,38
pleading,38
revil-rosa,38
sfigghy,38
air,38
maccherona,37
goddess,37
anaranjado,37
larbi,37
lord,37
praying,37
jeans,36
explains,36
bull,36
madison,36
verdura,36
shoot,36
crazy,36
know,36
di,36
doodle,36
mother,35
instagram,35
johnny,35
galileo,35
jerusalem,35
system,35
woman,35
bark,35
likes,35
punching,34
desire,34
captain,34
narges,34
lesson,34
rulez,34
salad,34
scent,34
underpants,34
baloons,34
mutandastico,34
smoothie,34
smoothless,34
sounds,34
en,33
findus,33
fre!,33
cabeza,33
coincidence,33
blus,33
sogghigno's,33
sueno,33
it's,32
monster,32
tumblr,32
turn,32
smoking,32
pee,32
sleep,32
emperors,32
sheeps,32
gay,32
vais,31
malaysian,31
gamerclick,31
reviews,31
cops,31
independent,31
fly,31
soule,31
sandwich,31
quixote,31
stew,31
others,31
friend,31
neechan,31
stupid,31
dulcinea,31
click,30
crow,30
obasan,30
clothes,30
fireworker,30
concerto,30
alone,30
mantra,30
pimkie,30
neo4j,30
mangiato,30
bullets,30
online,30
gamer,30
doesn't,30
pay,30
crown,30
crowd,30
round,29
allegoric,29
fist,29
acting,29
fifteen,29
guitarrrrg,29
elton,29
robing,29
thirty,29
very,29
bound,29
hermann,29
saddest,29
john,29
monocolo,29
ganster,29
hood,29
treat,29
ciao,29
adventures,29
tous,28
maam,28
rouge,28
nose,28
wear,28
nino,28
garconnes,28
noucks,28
by,28
forward,28
anger,28
eli,28
andrea's,28
but,28
shirt,28
et,28
ponch,28
invented,28
monkey,28
filles,28
naughty,27
dolor,27
ball,27
tradition,27
plants,27
field,27
station,27
gnuff,27
legacy,27
thirty?,27
luigi,27
gnaff,27
starbuck,27
rompi,27
far,27
fight,27
hero,27
same,27
willer,27
tex,27
cip,27
g,27
dogma,27
an,27
care,27
amore,27
over,27
doll,27
moustache,27
mario,27
bounjour,27
killed,26
cowboy,26
guy,26
amour,26
nove,26
hunger,26
shoes,26
millimetri,26
martin,26
fashon,26
hasta,26
money,26
take,26
five,26
jewels,26
usual,26
plus,26
toujours,26
peter,26
asdrubaleiano,26
gigi,26
pijiama,26
pan,26
suad,26
fototronico,26
marocco,26
succesfully,26
alcatraz,25
napal,25
dusty,25
moonlight,25
reforged,25
islanders,25
bitten,25
lucia,25
coniglio,25
cono,25
giant,25
bulls,25
consiglio,25
angel,25
frog,25
killing,25
cabesa,25
forge,25
wall,25
vertical,25
kittens,25
brick,25
varbaro,25
squittente,25
squittitore,25
addominale,25
deficency,25
amazing,25
alright,25
ploshing,25
baji,25
ends,25
amusement,25
style,24
stylish,24
alla,24
islamabad,24
echo,24
complimenti,24
rebelions,24
drinkin',24
connor,24
because,24
morining,24
almanacco,24
nipples,24
cowboys,24
depp,24
jefferson's,24
condor,24
twenty,23
pol,23
oh,23
fisherman,23
flat,23
one,23
bass,23
bis,23
cheerios,23
chosen,23
blu,23
lucio,23
cheese,23
modern,23
scemo,23
factory,23
george,23
another,23
piece,23
rises,23
meilleure,23
est,23
godlike,23
con,23
marines,23
level,23
besquez,23
he,23
aiurveda,23
player,23
emoglobina,23
femme,23
chicks,23
movie,23
matematico,23
america,23
montes,22
travailler,22
tris,22
aria,22
66,22
comprend,22
pink,22
maschi,22
goats,22
route,22
pico,22
if,22
santos,22
personne,22
michelle,22
kelly,22
pas,22
barba,22
couple,22
pandas,22
foot,22
cresce,22
flying,22
chan,22
figli,22
centripode,22
stage,22
de,22
upsetting,22
larorare,22
ne,22
economy,22
martini,22
drives,22
los,22
trabajar,22
boom,21
rings,21
sacrifice,21
scimmie,21
spielberg,21
called,21
suarez,21
candles,21
laundry,21
libberi,21
naked,21
mystery,21
bertie-face!,21
ugguali,21
maam!,21
cavalcatore,21
valerio,21
while,21
explaining,20
when,20
behaviour,20
what,20
trains,20
trust,20
onesan,20
andre,20
army,20
femmine,20
two,20
knows,20
pollo,20
comes,20
figlie,20
varni,20
polson,20
greed,20
happyness,19
greet,19
seven,19
weakness,19
shooting,19
milano,19
can,19
mocassino,19
neesan,19
alligators,19
belle,19
dragons,19
feet,19
bailante,19
anna,19
mattina,19
tooth,19
help,19
damoiselle,19
earth,19
ritual,19
fishrman,19
worth,19
griffith,18
windy,18
heavy,18
some,18
armor,18
fucile,18
fishing,18
replace,18
japanese,18
brendon,18
treeng,18
polac,18
rituals,18
dremy,18
kitten,18
sring,18
teenage,18
anja,17
moi,17
excuse,17
suis,17
martinez,17
novizio,17
ocaml,17
dead,17
maccheroni,17
sport,17
varney,17
kitchen,17
francaise,17
pappapero,17
galaxy,17
personality,17
accounting,17
amor,16
il,16
marito,16
awakening,16
sempai,16
californian,16
un,16
tutto,16
moe,16
para,16
greeded,16
siempre,16
cream,15
understandin,15
bikini,15
san,15
world,15
complementi,15
yazmine,15
mama,14
walkers,14
manana,14
anime,14
vista,14
centipede,14
tuertas,13
greedy,13
gustan,13
las,13
puppies,13
daniele,13
animal,12
kitchet,12
l'huego,12
racista,11
keep,11
amer,11
calm,11
unfogettable,11
criminal,11
sogno,10
understanding,8
centipode,6
sogghigno,4
somebody,1
userd,1
